719,"[('w e n', [1]), ('h ii', [1]), ('w o z', [1]), ('y uu s t', [1]), ('t uu', [0]), ('d uu', [1]), ('ei', [1]), ('t r a n s - p l aa n t', [1, 3]), ('h ii', [1]), ('l i v d', [1]), ('o n', [1]), ('a z', [1]), ('y ur - r iy', [1, 0]), ('b @ - b a - n i n', [0, 1, 0])]","('t r a n s - p l aa n t', [1, 0])"
721,"[('b a k', [1]), ('a t', [1]), ('h i z', [1]), ('l a b', [1]), ('w oo lw - t @ z', [1, 0]), ('a n d', [1]), ('h i z', [1]), ('@ - s i s t - @ n t', [0, 1, 0]), ('m i s', [1]), ('s t r a n d', [1]), ('f ei', [1]), ('h e lw m', [1]), ('t r a n s - p l aa n t', [1, 0]), ('g l a n - jh uw - l @', [1, 0, 0]), ('m @ - t i@ - r iy @ lw', [0, 1, 0]), ('f r o m', [1]), ('d o - r @ - th iy', [1, 0, 0]), ('i n - t uu', [1, 0]), ('ch ii - l @', [1, 0])]","('t r a n s - p l aa n t', [0, 1])"
726,"[('ch a - n l!', [1, 0]), ('s e - v n!', [1, 0]), ('t e - l @ - v ai z d', [1, 0, 0]), ('dh @', [0]), ('f @@r s t', [1]), ('k i d - n iy', [1, 0]), ('t r a n s - p l aa n t', [1, 3]), ('i n', [1]), ('dh @', [0]), ('m i d', [1]), ('n ai n - t ii n', [0, 1]), ('s i k - s t iy z', [1, 0])]","('t r a n s - p l aa n t', [1, 0])"
730,"[('ow t', [1]), ('o v', [1]), ('dh ou z', [1]), ('m i - l iy @ n z', [1, 0]), ('i n', [1]), ('dh @', [0]), ('w @@r lw d', [1]), ('s i k - s t ii n', [0, 1]), ('th ow - z n! d', [1, 0]), ('f ai v', [1]), ('h uh n - d r @ d', [1, 0]), ('i n', [1]), ('dh @', [0]), ('y uw - n ai t - i d', [0, 1, 0]), ('s t ei t s', [1]), ('n ii d - i d', [1, 0]), ('ei', [1]), ('k i d - n iy', [1, 0]), ('t r a n s - p l aa n t', [1, 3]), ('i n', [1]), ('t uu', [1]), ('th ow - z n! d', [1, 0]), ('ei t', [1])]","('t r a n s - p l aa n t', [1, 0])"
738,"[('i t', [1]), ('i z', [1]), ('dh @', [0]), ('f @@r s t', [1]), ('h o - s p i - t l!', [1, 0, 0]), ('i n', [1]), ('g u - jh @ - r @ t', [1, 0, 0]), ('t uu', [0]), ('h a v', [1]), ('k @ m - p l ii t - i d', [0, 1, 0]), ('ei', [1]), ('h aa t', [1]), ('t r a n s - p l aa n t', [1, 3]), ('uh n - d @', [1, 0]), ('dh @', [0]), ('l ii d - @ - sh i p', [1, 0, 2]), ('o v', [1]), ('d o k - t @', [1, 0]), ('d ai @ n', [1]), ('sh aa', [1])]","('t r a n s - p l aa n t', [1, 0])"
755,"[('s a m - w e lw', [1, 0]), ('uh n - d @ - w e n t', [2, 0, 1]), ('ei', [1]), ('h aa t', [1]), ('t r a n s - p l aa n t', [1, 3]), ('i n', [1]), ('dh @', [0]), ('n ai n - t ii n', [0, 1]), ('n ai n - t iy z', [1, 0]), ('a n d', [1]), ('d ai d', [1]), ('i n', [1]), ('s a - k r @ - m e n - t ou', [2, 0, 1, 0]), ('k a - l i - f oo - n iy @', [2, 0, 1, 0]), ('o n', [1]), ('dh @', [0]), ('th @@r - t ii n th', [0, 1]), ('o v', [1]), ('m aa ch', [1]), ('t uu', [1]), ('th ow - z n! d', [1, 0]), ('th r ii', [1]), ('ei jh d', [1]), ('s i k - s t iy', [1, 0]), ('s i k s', [1])]","('t r a n s - p l aa n t', [1, 0])"
776,"[('o n', [1]), ('k r i s - m @ s', [1, 0]), ('i n', [1]), ('t uu', [1]), ('th ow - z n! d', [1, 0]), ('n ai n', [1]), ('r ei', [1]), ('r i - s ii v d', [0, 1]), ('ei', [1]), ('s t e m', [1]), ('s e lw', [1]), ('t r a n s - p l aa n t', [0, 1]), ('t uu', [0]), ('t r ii t', [1]), ('h @@r', [1]), ('r eir', [1]), ('k a n - s @', [1, 0])]","('t r a n s - p l aa n t', [1, 0])"
802,"[('w i - m i n', [1, 0]), ('w @@r', [1]), ('s @ b - jh e k t - i d', [0, 1, 0]), ('t uu', [0]), ('t r a n s - p l aa n t', [0, 1]), ('i k - s p e - r i - m @ n t s', [0, 1, 0, 0]), ('i n - k l uu d - i ng', [0, 1, 0]), ('oo - g @ n z', [1, 0]), ('b ou n z', [1]), ('a n d', [1]), ('n @@r v z', [1])]","('t r a n s - p l aa n t', [1, 0])"
903,"[('dh ei', [1]), ('oo lw - s ou', [1, 0]), ('i m - p oo t', [1, 0]), ('s p ai s - i z', [1, 0]), ('f r o m', [1]), ('v ai @ t - n @ m', [1, 0]), ('dh a t', [1]), ('k a - n o t', [1, 0]), ('b ii', [1]), ('f ow n d', [1]), ('i n', [1]), ('h o ng', [1]), ('k o ng', [1]), ('b uh t', [1]), ('aa', [1]), ('v ai - t l!', [1, 0]), ('f @', [0]), ('dh @', [0]), ('d i sh - i z', [1, 0])]","('i m - p oo t', [0, 1])"
906,"[('m aa ch', [1]), ('f @@r s t', [1]), ('n y uu z', [1]), ('dh a t', [1]), ('k y uw - w ei t', [0, 1]), ('w i lw', [1]), ('n ii d', [1]), ('t uu', [0]), ('i m - p oo t', [1, 0]), ('k r uu d', [1]), ('i n', [1]), ('dh @', [0]), ('sh oo t', [1]), ('t @@r m', [1])]","('i m - p oo t', [0, 1])"
917,"[('w i dh - ow t', [3, 1]), ('dh ii', [0]), ('@ - b i l - @ - t iy', [0, 1, 0, 0]), ('t uu', [0]), ('i m - p oo t', [1, 0]), ('r ai s', [1]), ('f r o m', [1]), ('ch ai - n @', [1, 0]), ('b @@r - m @', [1, 0]), ('w o z', [1]), ('f oo s t', [1]), ('t uu', [0]), ('i m - p oo t', [1, 0]), ('r ai s', [1]), ('f r o m', [1]), ('dh @', [0]), ('b r i - t i sh', [1, 0])]","('i m - p oo t', [0, 1])"
919,"[('b aa - n i t', [1, 0]), ('p r i - f @@r d', [0, 1]), ('t uu', [0]), ('y uu z', [1]), ('l ou - k @ lw', [1, 0]), ('m @ - t i@ - r iy @ lw z', [0, 1, 0]), ('w eir r - e - v @', [0, 1, 0]), ('p o - s i - b l!', [1, 0, 0]), ('r aa - dh @', [1, 0]), ('dh a n', [1]), ('i m - p oo t', [1, 0]), ('f o - r i n', [1, 0]), ('m @ - t i@ - r iy @ lw z', [0, 1, 0])]","('i m - p oo t', [0, 1])"
923,"[('h ii', [1]), ('h a d', [1]), ('t uu', [0]), ('i m - p oo t', [1, 0]), ('m @ - t i@ - r iy @ lw z', [0, 1, 0]), ('f r o m', [1]), ('d y uw - b y uu k', [0, 1]), ('a n d', [1]), ('sh i - k aa - g ou', [0, 1, 0]), ('t uu', [0]), ('b i lw d', [1]), ('i t', [1])]","('i m - p oo t', [0, 1])"
930,"[('n o n', [1]), ('e k - i z', [1, 0]), ('p r ou - s e s - i z', [1, 0, 0]), ('t i p - i - k l iy', [1, 0, 0]), ('i m - p oo t', [1, 0]), ('v a - l i d', [1, 0]), ('t r a n - z a k - sh n! z', [0, 1, 0]), ('ou n - l iy', [1, 0]), ('a n d', [1]), ('jh e - n @ - r ei t', [1, 0, 0]), ('a n', [1]), ('i k - s e p - sh n!', [0, 1, 0]), ('l i s t', [1]), ('o v', [1]), ('dh ii', [0]), ('i n - v a - l i d', [0, 1, 0]), ('t r a n - z a k - sh n! z', [0, 1, 0])]","('i m - p oo t', [0, 1])"
931,"[('d i - s p ai t', [0, 1]), ('i t s', [1]), ('ou n', [1]), ('p r @ - d uh k - sh n!', [0, 1, 0]), ('o v', [1]), ('n a ch - r @ lw', [1, 0]), ('g a s', [1]), ('uh k - r ei n', [0, 1]), ('s t i lw', [1]), ('h a z', [1]), ('t uu', [0]), ('i m - p oo t', [1, 0]), ('@ - b ow t', [0, 1]), ('ei - t iy', [1, 0]), ('p @ - s e n t', [0, 1]), ('o v', [1]), ('i t s', [1]), ('n a ch - r @ lw', [1, 0]), ('g a s', [1]), ('n ii d z', [1])]","('i m - p oo t', [0, 1])"
933,"[('dh ii', [0]), ('ou k', [1]), ('w e n t', [1]), ('o n', [1]), ('t uu', [0]), ('i m - p oo t', [1, 0]), ('@ d - i - sh n! - @ lw', [0, 1, 0, 0]), ('@ d - i - sh n! - @ lw', [0, 1, 0, 0]), ('b u lw z', [1]), ('a n d', [1]), ('k ow z', [1]), ('i - v e n - ch uw @ l - iy', [0, 1, 0, 0]), ('b i - g a n', [0, 1]), ('s e l - i ng', [1, 0]), ('a - b @ - d ii n', [2, 0, 1]), ('a ng - g @ s', [1, 0]), ('k a - t l!', [1, 0]), ('i n', [1]), ('ei - t ii n', [0, 1]), ('ei - t iy', [1, 0]), ('w uh n', [1])]","('i m - p oo t', [0, 1])"
936,"[('s t i lw', [1]), ('s l @ - v ii - n iy @', [0, 1, 0]), ('b i - g a n', [0, 1]), ('t uu', [0]), ('k @ - v @@r t - l iy', [0, 1, 0]), ('i m - p oo t', [1, 0]), ('aa m z', [1]), ('t uu', [0]), ('r i - p l e - n i sh', [0, 1, 0]), ('i t s', [1]), ('aa m d', [1]), ('f oo s - i z', [1, 0])]","('i m - p oo t', [0, 1])"
944,"[('k w ii n z - l @ n d', [1, 0]), ('i z', [1]), ('dh @', [0]), ('f @@r s t', [1]), ('o - s t r ei - l iy @ n', [0, 1, 0]), ('s t ei t', [1]), ('t uu', [0]), ('s ai n', [1]), ('k o n - t r a k t s', [1, 0]), ('t uu', [0]), ('i m - p oo t', [1, 0]), ('y ur - r @ p - ii @ n', [2, 0, 1]), ('p r ii', [1]), ('f a - b r i k - ei t - i d', [1, 0, 2, 0]), ('h ow z - i z', [1, 0]), ('m ei d', [1]), ('t uu', [0]), ('k w ii n z - l @ n d', [1, 0]), ('d i - z ai n z', [0, 1])]","('i m - p oo t', [0, 1])"
950,"[('i n', [1]), ('t uu', [1]), ('th ow - z n! d', [1, 0]), ('s i k s', [1]), ('k o n - t a k t', [1, 0]), ('a n d', [1]), ('jh e - n @ - s i s', [1, 0, 0]), ('e - n @ - jh iy', [1, 0, 0]), ('s e t', [1]), ('uh p', [1]), ('ei', [1]), ('jh oi n t', [1]), ('v e n - ch @', [1, 0]), ('p r o - jh e k t', [1, 0]), ('k oo lw d', [1]), ('g a z - b r i jh', [1, 0]), ('t uu', [0]), ('i m - p oo t', [1, 0]), ('l ng', [1])]","('i m - p oo t', [0, 1])"
951,"[('b ai', [1]), ('n ai n - t ii n', [0, 1]), ('s e - v n! - t iy', [1, 0, 0]), ('s i k s', [1]), ('w i dh - i n', [3, 1]), ('r uu lw z', [1]), ('k r iy - ei t - i d', [0, 1, 0]), ('b ai', [1]), ('dh ii', [0]), ('i - l e k - t r o n - i k', [0, 2, 1, 0]), ('p r ou - s e s - i ng', [1, 0, 0]), ('a k t - i v - @ - t iy z', [0, 1, 0, 0]), ('k oo - d i n - ei t - i ng', [1, 0, 2, 0]), ('k @ - m i - t iy', [0, 1, 0]), ('k ei - p r ei', [1, 0]), ('i t', [1]), ('b i - k ei m', [0, 1]), ('i - l ii - g @ lw', [0, 1, 0]), ('t uu', [0]), ('i m - p oo t', [1, 0]), ('p i n - b oo lw', [1, 3]), ('m @ - sh ii n z', [0, 1])]","('i m - p oo t', [0, 1])"
952,"[('@ - s e m - b l iy', [0, 1, 0]), ('p l aa n t s', [1]), ('k l ou z d', [1]), ('aa f - t @', [1, 0]), ('t a - r i f', [1, 0]), ('p r @ - t e k - sh n!', [0, 1, 0]), ('w o z', [1]), ('r i - m uu v d', [0, 1]), ('a n d', [1]), ('d i - s t r i - b y uw t - @ z', [0, 1, 0, 0]), ('f ow n d', [1]), ('i t', [1]), ('ch ii p - @', [1, 0]), ('t uu', [0]), ('i m - p oo t', [1, 0]), ('k aa z', [1]), ('f u l - iy', [1, 0]), ('@ - s e m - b l! d', [0, 1, 0])]","('i m - p oo t', [0, 1])"
953,"[('b @ - l i n - d @', [0, 1, 0]), ('m uh lw - r uu - n iy', [2, 1, 0]), ('ei', [1]), ('s m oo lw', [1]), ('t ai m', [1]), ('b i z - n i s - w u - m @ n', [1, 0, 2, 0]), ('@ - r ai v d', [0, 1]), ('i n', [1]), ('d oo - s n!', [1, 0]), ('s i - t iy', [1, 0]), ('dh a t', [1]), ('y i@', [1]), ('i n - t e n d - i ng', [0, 1, 0]), ('t uu', [0]), ('i m - p oo t', [1, 0]), ('g u d z', [1]), ('a n d', [1]), ('i - s t a - b l i sh', [0, 1, 0]), ('h @@r', [1]), ('ou n', [1]), ('e n - t @ - p r ai z - i z', [1, 0, 2, 0])]","('i m - p oo t', [0, 1])"
963,"[('dh ii z', [1]), ('k @ - n e k - sh n! z', [0, 1, 0]), ('h a v', [1]), ('p r ai m - e - r i - l iy', [0, 1, 0, 0]), ('b ii n', [1]), ('y uu s t', [1]), ('t uu', [0]), ('i m - p oo t', [1, 0]), ('a n d', [1]), ('e k - s p oo t', [1, 0]), ('i - l e k - t r i s - @ - t iy', [0, 2, 1, 0, 0]), ('d y ur - r i ng', [1, 0]), ('i - m @@r - jh @ n - s iy z', [0, 1, 0, 0])]","('i m - p oo t', [0, 1])"
968,"[('dh @', [0]), ('k a m - p @ s', [1, 0]), ('i z', [1]), ('p aa t', [1]), ('o v', [1]), ('k ei - t @ z', [1, 0]), ('m a s - i v', [1, 0]), ('v e n - ch @', [1, 0]), ('t uu', [0]), ('i m - p oo t', [1, 0]), ('i - l ii t', [0, 1]), ('h ai @', [1]), ('e - jh uw - k ei - sh n!', [2, 0, 1, 0]), ('f r o m', [1]), ('dh @', [0]), ('y uw - n ai t - i d', [0, 1, 0]), ('s t ei t s', [1])]","('i m - p oo t', [0, 1])"
973,"[('h ii', [1]), ('m a - n i jh d', [1, 0]), ('t uu', [0]), ('i m - p oo t', [1, 0]), ('d ai - r e k t - l iy', [0, 1, 0]), ('f r o m', [1]), ('i ng - g l @ n d', [1, 0]), ('a n', [1]), ('oo - t @ - m a - t i k', [2, 0, 1, 0]), ('f l a t - b e d', [1, 3]), ('p r i n t - i ng', [1, 0]), ('p r e s', [1]), ('dh @', [0]), ('l ei t - i s t', [1, 0]), ('t ai p', [1]), ('dh e n', [1]), ('@ - v ei l - @ - b l!', [0, 1, 0, 0])]","('i m - p oo t', [0, 1])"
985,"[('i ng - @ m', [1, 0]), ('k ow n - t iy', [1, 0]), ('w o z', [1]), ('dh @', [0]), ('f @@r s t', [1]), ('k ow n - t iy', [1, 0]), ('t uu', [0]), ('k @ m - p l ii t', [0, 1]), ('dh eir', [1]), ('r ii - k ow n t', [3, 1])]","('r ii - k ow n t', [1, 0])"
995,"[('s ou', [1]), ('f aa', [1]), ('ou n - l iy', [1, 0]), ('i n', [1]), ('dh @', [0]), ('g uh - b @ - n @ t - oo r - iy @ lw', [2, 0, 0, 1, 0]), ('i - l e k - sh n! z', [0, 1, 0]), ('o v', [1]), ('n ai n - t ii n', [0, 1]), ('ei - t iy', [1, 0]), ('a n d', [1]), ('t uu', [1]), ('th ow - z n! d', [1, 0]), ('f oo', [1]), ('h a z', [1]), ('ei', [1]), ('r ii - k ow n t', [3, 1]), ('t ei k - @ n', [1, 0]), ('p l ei s', [1])]","('r ii - k ow n t', [1, 0])"
1041,"[('i n', [1]), ('n ai n - t ii n', [0, 1]), ('s i k - s t iy', [1, 0]), ('f ai v', [1]), ('h ii', [1]), ('i - n i - sh l! - iy', [0, 1, 0, 0]), ('@ - p i@ d', [0, 1]), ('t uu', [0]), ('h a v', [1]), ('w uh n', [1]), ('b uh t', [1]), ('ei', [1]), ('r ii - k ow n t', [3, 1]), ('sh ou d', [1]), ('dh a t', [1]), ('h ii', [1]), ('h a d', [1]), ('l o s t', [1]), ('b ai', [1]), ('t w e n - t iy', [1, 0]), ('w uh n', [1]), ('v ou t s', [1])]","('r ii - k ow n t', [1, 0])"
1045,"[('aa f - t @', [1, 0]), ('ei', [1]), ('r ii - k ow n t', [3, 1]), ('h ii', [1]), ('w uh n', [1]), ('b ai', [1]), ('ei t', [1]), ('v ou t s', [1])]","('r ii - k ow n t', [1, 0])"
1074,"[('aa f - t @', [1, 0]), ('@ - r i - jh i n - @ l - iy', [0, 1, 0, 0, 0]), ('b i - l ii v - i ng', [0, 1, 0]), ('jh ou', [1]), ('h a d', [1]), ('h i@ r - i ng', [1, 0]), ('p r o - b l @ m z', [1, 0]), ('dh eir', [1]), ('ou - t @ - l @ - r i ng - g o - l @ - jh i s t', [2, 0, 0, 0, 1, 0, 0]), ('r i - f @@r z', [0, 1]), ('jh ou', [1]), ('t uu', [0]), ('ei', [1]), ('s p e - sh l! - i s t', [1, 0, 0]), ('h uu', [1]), ('d ai @ g - n ou z - i z', [0, 1, 0]), ('h i m', [1]), ('w i dh', [1]), ('oo - t i - z m!', [1, 0, 0])]","('d ai @ g - n ou z - i z', [1, 0, 0])"
1090,"[('i n', [1]), ('dh @', [0]), ('m o - r @ lw', [1, 0]), ('p r o - b l @ m', [1, 0]), ('s m i th', [1]), ('d ai @ g - n ou z - i z', [0, 1, 0]), ('ei', [1]), ('l o ng - s t a n d - i ng', [3, 1, 0]), ('t e n - sh n!', [1, 0]), ('b i - t w ii n', [0, 1]), ('dh ii', [0]), ('@ - p a - r @ n t', [0, 1, 0]), ('o b - jh e k t - i v - @ - t iy', [2, 0, 1, 0, 0]), ('a n d', [1]), ('p r a k - t i - k a l - @ - t iy', [2, 0, 1, 0, 0]), ('o v', [1]), ('m o - r @ lw', [1, 0]), ('jh uh jh - m @ n t s', [1, 0])]","('d ai @ g - n ou z - i z', [1, 0, 0])"
1092,"[('d o k - t @', [1, 0]), ('jh o n', [1]), ('s ii - w @ d', [1, 0]), ('d ai @ g - n ou z - i z', [0, 1, 0]), ('h i m', [1]), ('a z', [1]), ('ei', [1]), ('z uw - o - f i - g @ s', [0, 1, 0, 0]), ('m ei - n iy - a k', [1, 0, 0]), ('oo', [1]), ('k aa - n i - v @ r - @ s', [0, 1, 0, 0]), ('m a d - m @ n', [1, 0])]","('d ai @ g - n ou z - i z', [1, 0, 0])"
1096,"[('k aa - d iy @ - v a - s k y uw - l @', [2, 0, 1, 0, 0]), ('t e k - n o - l @ - jh i s t s', [0, 1, 0, 0]), ('oo lw - s ou', [1, 0]), ('n ou n', [1]), ('a z', [1]), ('ei', [1]), ('k aa - d iy @ - v a - s k y uw - l @', [2, 0, 1, 0, 0]), ('t e k - n i - sh n!', [0, 1, 0]), ('oo', [1]), ('v a - s k y uw - l @', [1, 0, 0]), ('t e k - n o - l @ - jh i s t', [0, 1, 0, 0]), ('i z', [1]), ('ei', [1]), ('h e lw th', [1]), ('p r @ - f e - sh n! - @ lw', [0, 1, 0, 0]), ('h uu', [1]), ('d ai @ g - n ou z - i z', [0, 1, 0]), ('k aa - d iy @ - v a - s k y uw - l @', [2, 0, 1, 0, 0]), ('p r o - b l @ m z', [1, 0])]","('d ai @ g - n ou z - i z', [1, 0, 0])"
1103,"[('v i - n iy', [1, 0]), ('v i - z i t s', [1, 0]), ('d o k - t @', [1, 0]), ('jh ei m z', [1]), ('f r ei - z @', [1, 0]), ('m ai - k l!', [1, 0]), ('p i k - s i - r i - l iy', [2, 0, 1, 0]), ('h uu', [1]), ('d ai @ g - n ou z - i z', [0, 1, 0]), ('h i m', [1]), ('w i dh', [1]), ('t e - s t i - k y uw - l @', [0, 1, 0, 0]), ('k a n - s @', [1, 0])]","('d ai @ g - n ou z - i z', [1, 0, 0])"
1105,"[('jh e - n @', [1, 0]), ('k aa n t', [1]), ('s i ng', [1]), ('w e lw', [1]), ('d y uu', [1]), ('t uu', [0]), ('dh @', [0]), ('y i p s', [1]), ('dh a t', [1]), ('p ii t', [1]), ('d ai @ g - n ou z - i z', [0, 1, 0]), ('h @@r', [1]), ('w i dh', [1]), ('a z', [1]), ('h ii', [1]), ('t uu', [1]), ('s uh - f @ z', [1, 0]), ('f r o m', [1]), ('dh e m', [1])]","('d ai @ g - n ou z - i z', [1, 0, 0])"
1111,"[('a t', [1]), ('h @@r', [1]), ('f aa - dh @ z', [1, 0]), ('t i m', [1]), ('m a - th i - s n!', [1, 0, 0]), ('i n - s i s t - @ n s', [0, 1, 0]), ('sh ii', [1]), ('s ii z', [1]), ('ei', [1]), ('f i - z i - sh n!', [0, 1, 0]), ('h uu', [1]), ('d ai @ g - n ou z - i z', [0, 1, 0]), ('h @@r', [1]), ('a z', [1]), ('@ - n ii - m i k', [0, 1, 0])]","('d ai @ g - n ou z - i z', [1, 0, 0])"
1114,"[('dh @', [0]), ('d o k - t @', [1, 0]), ('d ai @ g - n ou z - i z', [0, 1, 0]), ('h i m', [1]), ('a z', [1]), ('f i - z i - k l iy', [1, 0, 0]), ('a n d', [1]), ('m e n - t l! - iy', [1, 0, 0]), ('d i s - ei - b l! d', [0, 1, 0]), ('uh n - ei - b l!', [0, 1, 0]), ('t uu', [0]), ('w oo k', [1]), ('oo', [1]), ('t oo k', [1]), ('a n d', [1]), ('h a v - i ng', [1, 0]), ('n ou', [1]), ('k @ - p a - s @ - t iy', [0, 1, 0, 0]), ('f @', [0]), ('th oo t', [1])]","('d ai @ g - n ou z - i z', [1, 0, 0])"
1117,"[('sh ii', [1]), ('g ou z', [1]), ('t uu', [0]), ('s ii', [1]), ('d o k - t @', [1, 0]), ('y uh ng', [1]), ('h uu', [1]), ('d ai @ g - n ou z - i z', [0, 1, 0]), ('f uh ng k - sh n! - @ lw', [1, 0, 0]), ('y uw - f ou - n iy @', [0, 1, 0]), ('ei', [1]), ('s p ii k - i ng', [1, 0]), ('d i s - oo - d @', [0, 1, 0]), ('k oo z d', [1]), ('b ai', [1]), ('sh o k - i ng', [1, 0]), ('n y uu z', [1])]","('d ai @ g - n ou z - i z', [1, 0, 0])"
1121,"[('jh u - l iy - e t', [2, 0, 1]), ('d ai @ g - n ou z - i z', [0, 1, 0]), ('h i m', [1]), ('w i dh', [1]), ('@ - p e n - d i - s ai - t @ s', [0, 2, 0, 1, 0]), ('a n d', [1]), ('d ii m z', [1]), ('a n', [1]), ('a - p @ n - d e k - t @ - m iy', [2, 0, 1, 0, 0]), ('n e - s @ - s @ - r iy', [1, 0, 0, 0])]","('d ai @ g - n ou z - i z', [1, 0, 0])"
1129,"[('dh @', [0]), ('v ii - i - k l!', [1, 0, 0]), ('k @ m - p y uu t - @', [0, 1, 0]), ('d ai @ g - n ou z - i z', [0, 1, 0]), ('dh @', [0]), ('t r a m', [1]), ('d i - s p l ei z', [0, 1]), ('dh @', [0]), ('s p ii d - o - m i - t @', [0, 1, 0, 0]), ('g i v z', [1]), ('a k - s e s', [1, 0]), ('t uu', [0]), ('dh @', [0]), ('s aa n - d @', [1, 0]), ('s t ei - t @ s', [1, 0]), ('a n d', [1]), ('m oo', [1])]","('d ai @ g - n ou z - i z', [1, 0, 0])"
1135,"[('dh @', [0]), ('d o k - t @', [1, 0]), ('d ai @ g - n ou z - i z', [0, 1, 0]), ('dh @', [0]), ('y uh ng', [1]), ('g a ng - s t @', [1, 0]), ('w i dh', [1]), ('t y uw - b @@r - k y uw - l ou - s i s', [0, 2, 0, 1, 0]), ('a n d', [1]), ('k @ n - v i n s - i z', [0, 1, 0]), ('h i m', [1]), ('t uu', [0]), ('b i - g i n', [0, 1]), ('t r ii t - m @ n t', [1, 0]), ('a n d', [1]), ('k w i t', [1]), ('b uu z - i ng', [1, 0]), ('a n d', [1]), ('w u - m @ n - ai z - i ng', [1, 0, 2, 0])]","('d ai @ g - n ou z - i z', [1, 0, 0])"
1529,"[('a z', [1]), ('@@r - b @ n', [1, 0]), ('y uu - n i - v @@r - s @ - t iy z', [2, 0, 1, 0, 0]), ('i n - k r ii s', [1, 0]), ('i n', [1]), ('s ai z', [1]), ('a n d', [1]), ('k @ m - p l e k s - @ - t iy', [0, 1, 0, 0]), ('dh ei', [1]), ('h ai @', [1]), ('ei', [1]), ('l aa jh', [1]), ('s t aa f', [1]), ('o v', [1]), ('s i - t iy', [1, 0]), ('r e - z i - d @ n t s', [1, 0, 0])]","('i n - k r ii s', [0, 1])"
1530,"[('r i - f ai n - i ng', [0, 1, 0]), ('k o - p @', [1, 0]), ('i n - t uu', [1, 0]), ('b r aa s', [1]), ('w u d', [1]), ('r i - d y uu s', [0, 1]), ('i m - p oo t s', [1, 0]), ('o v', [1]), ('b r aa s', [1]), ('a n d', [1]), ('i n - k r ii s', [1, 0]), ('i n - k uh m', [1, 0]), ('f r o m', [1]), ('e k - s p oo t s', [1, 0])]","('i n - k r ii s', [0, 1])"
1544,"[('l e - v l! z', [1, 0]), ('@ - b uh v', [0, 1]), ('oo', [1]), ('b i - l ou', [0, 1]), ('dh i s', [1]), ('n a ch - r @ lw', [1, 0]), ('h ou - m iy - o - s t @ - s i s', [2, 0, 1, 0, 0]), ('o v', [1]), ('v i - t @ - m i n', [1, 0, 0]), ('d ii', [1]), ('i n - k r ii s', [1, 0]), ('m oo - t a l - @ - t iy', [0, 1, 0, 0])]","('i n - k r ii s', [0, 1])"
1552,"[('i n - k r ii s', [1, 0]), ('i m - p l oi - m @ n t', [0, 1, 0]), ('sh eir', [1]), ('o v', [1]), ('m uh z - l i m z', [1, 0]), ('p @ - t i - k y uw - l @ - l iy', [0, 1, 0, 0, 0]), ('w eir', [1]), ('dh eir', [1]), ('i z', [1]), ('g r ei t', [1]), ('d ii lw', [1]), ('o v', [1]), ('p uh - b l i k', [1, 0]), ('d ii l - i ng', [1, 0])]","('i n - k r ii s', [0, 1])"
1555,"[('i n', [1]), ('@ d - i - sh n!', [0, 1, 0]), ('n ou d z', [1]), ('k a n', [1]), ('b ii', [1]), ('ii z - i - l iy', [1, 0, 0]), ('r i - m uu v d', [0, 1]), ('a n d', [1]), ('a d - i d', [1, 0]), ('t uu', [0]), ('r i - d y uu s', [0, 1]), ('p r @ - d uh k - sh n!', [0, 1, 0]), ('d ow n - t ai m', [1, 3]), ('i n - k r ii s', [1, 0]), ('n e t - w @@r k', [1, 3]), ('f l e k s - @ - b i l - @ - t iy', [2, 0, 1, 0, 0]), ('a n d', [1]), ('d ii - k r ii s', [1, 0]), ('t r uh - b l! - sh uu t - i ng', [1, 0, 2, 0]), ('t ai m', [1])]","('i n - k r ii s', [0, 1])"
1560,"[('n a ch - r @ lw', [1, 0]), ('s i - l e k - sh n!', [0, 1, 0]), ('b ei s t', [1]), ('o n', [1]), ('b i - h ei v - y @ z', [0, 1, 0]), ('dh a t', [1]), ('i n - k r ii s', [1, 0]), ('h uh n t - i ng', [1, 0]), ('s @ k - s e s', [0, 1]), ('a n d', [1]), ('e - n @ - jh e - t i k', [2, 0, 1, 0]), ('i - f i - sh n! - s iy', [0, 1, 0, 0]), ('w u d', [1]), ('b eir', [1]), ('ei', [1]), ('p o - z i - t i v', [1, 0, 0]), ('i n - f l uw @ n s', [1, 0]), ('o n', [1]), ('r ii - p r @ - d uh k t - i v', [2, 0, 1, 0]), ('s @ k - s e s', [0, 1])]","('i n - k r ii s', [0, 1])"
1578,"[('a z', [1]), ('p ow @', [1]), ('r ei t - i ng z', [1, 0]), ('i n - k r ii s', [1, 0]), ('t r a n s - f oo m - @ z', [0, 1, 0]), ('aa', [1]), ('o f - t @ n', [1, 0]), ('k uu lw d', [1]), ('b ai', [1]), ('f oo s t', [1]), ('eir', [1]), ('k uu l - i ng', [1, 0]), ('f oo s t', [1]), ('oi lw', [1]), ('k uu l - i ng', [1, 0]), ('w oo - t @', [1, 0]), ('k uu l - i ng', [1, 0]), ('oo', [1]), ('k o m - b i n - ei - sh n! z', [2, 0, 1, 0]), ('o v', [1]), ('dh ii z', [1])]","('i n - k r ii s', [0, 1])"
1595,"[('s ii', [1]), ('s @ - p oo t - i d', [0, 1, 0]), ('ch ei n jh - i z', [1, 0]), ('t uu', [0]), ('dh @', [0]), ('k a - t @ - l @ n', [1, 0, 0]), ('s t a - ch uu t', [1, 0]), ('o v', [1]), ('oo - t o - n @ - m iy', [0, 1, 0, 0]), ('t uu', [0]), ('f @@r - dh @', [1, 0]), ('i n - k r ii s', [1, 0]), ('k a - t @ - l ou - n iy @ z', [2, 0, 1, 0]), ('oo - t o - n @ - m iy', [0, 1, 0, 0])]","('i n - k r ii s', [0, 1])"
2500,"[('dh uh s', [1]), ('i b m', [1]), ('p r ou - g r a m - @ z', [1, 2, 0]), ('k u d', [1]), ('r ii d', [1]), ('i n - s @@r t', [1, 0]), ('d i - l ii t', [0, 1]), ('a n d', [1]), ('m uu v', [1]), ('l ai n z', [1]), ('o v', [1]), ('k ou d', [1]), ('b ai', [1]), ('f i - z i - k l iy', [1, 0, 0]), ('m @ - n i - p y uw - l ei t - i ng', [0, 1, 0, 2, 0]), ('dh @', [0]), ('k aa d z', [1]), ('i n', [1]), ('dh @', [0]), ('d e k', [1])]","('i n - s @@r t', [0, 1])"
2506,"[('i f', [1]), ('e k s', [1]), ('i n - t @ - s e k t s', [2, 0, 1]), ('dh ii', [0]), ('i n - t @ - v l!', [1, 0, 0]), ('o v', [1]), ('dh @', [0]), ('r ai t', [1]), ('ch ai lw d', [1]), ('o v', [1]), ('t ii', [1]), ('dh e n', [1]), ('i n - s @@r t', [1, 0]), ('e k s', [1]), ('i n', [1]), ('dh a t', [1]), ('ch ai lw d', [1]), ('r i - k @@r s - i v - l iy', [0, 1, 0, 0])]","('i n - s @@r t', [0, 1])"
2509,"[('uh - dh @', [1, 0]), ('k o - m @ n', [1, 0]), ('m ou d z', [1]), ('@ - v ei l - @ - b l!', [0, 1, 0, 0]), ('i n', [1]), ('p s ii', [1]), ('k ii - b oo d z', [1, 3]), ('aa', [1]), ('i n - s @@r t', [1, 0]), ('a n d', [1]), ('dh ii', [0]), ('uh - dh @', [1, 0]), ('l o k', [1]), ('k ii z', [1]), ('n uh m', [1]), ('l o k', [1]), ('a n d', [1]), ('s k r ou lw', [1]), ('l o k', [1])]","('i n - s @@r t', [0, 1])"
2512,"[('f a - b r i k - ei t', [1, 0, 0]), ('a n d', [1]), ('i n - s @@r t', [1, 0]), ('d e n - ch @ z', [1, 0]), ('i n', [1]), ('dh @', [0]), ('m ow dh z', [1]), ('o v', [1]), ('p ei - sh n! t s', [1, 0])]","('i n - s @@r t', [0, 1])"
2516,"[('oo lw - m ou s t', [1, 0]), ('ei t', [1]), ('m uh n th s', [1]), ('l ei t - @', [1, 0]), ('k ei m', [1]), ('dh @', [0]), ('n y uu', [1]), ('e p', [1]), ('w i dh', [1]), ('ei', [1]), ('n y uu', [1]), ('a d - i d', [1, 0]), ('k uh - v @', [1, 0]), ('a n d', [1]), ('i n - s @@r t', [0, 1]), ('aa t', [1])]","('i n - s @@r t', [1, 0])"
2519,"[('d r o p s', [1]), ('f uh ng k - sh n!', [1, 0]), ('f @', [0]), ('i n - s @@r t', [1, 0]), ('s l a sh', [1]), ('p i k - ch @', [1, 0]), ('s l a sh', [1]), ('f r o m', [1]), ('s k a n - @', [1, 0]), ('oo', [1]), ('k a m - r @', [1, 0])]","('i n - s @@r t', [0, 1])"
2524,"[('m ou s t', [1]), ('t r i - g @ z', [1, 0]), ('aa', [1]), ('ou n - l iy', [1, 0]), ('a k t - i v - ei t - i d', [1, 0, 2, 0]), ('b ai', [1]), ('ai - dh @', [1, 0]), ('i n - s @@r t', [1, 0]), ('oo', [1]), ('uh p - d ei t', [0, 1]), ('s t ei t - m @ n t s', [1, 0])]","('i n - s @@r t', [0, 1])"
2532,"[('dh @', [0]), ('s i n - d @ - r e - l @', [2, 0, 1, 0]), ('e p p', [1]), ('i n - s @@r t', [0, 1]), ('l i s t s', [1]), ('dh @', [0]), ('l i - r i k s', [1, 0]), ('a z', [1]), ('f o - l ou z', [1, 0]), ('s aa - l @', [1, 0]), ('g @ - d uu - l @', [0, 1, 0]), ('m e n - ch i - k @', [0, 1, 0]), ('b uu', [1]), ('l a', [1]), ('b i - b ai - d iy', [0, 1, 0]), ('b o - b ai - d iy', [0, 1, 0]), ('b uu - p u t', [1, 0]), ('e m', [1]), ('t @ - g e - dh @', [0, 1, 0]), ('a n d', [1]), ('w o t', [1]), ('h a v', [1]), ('y uu', [1]), ('g o t', [1])]","('i n - s @@r t', [1, 0])"
2534,"[('dh ii z', [1]), ('l e d', [1]), ('w ei t s', [1]), ('w @@r', [1]), ('d e - k @ r - ei t - i d', [1, 0, 2, 0]), ('w i dh', [1]), ('i - n a - m l! - i ng', [0, 1, 0, 0]), ('i n - s @@r t', [1, 0]), ('k oi n z', [1]), ('oo', [1]), ('k uh t', [1]), ('uh p', [1]), ('oo - n @ - m e n t - l!', [2, 0, 1, 0]), ('m e - t l! - w @@r k', [1, 0, 2])]","('i n - s @@r t', [0, 1])"
2535,"[('oo lw', [1]), ('d r ai v - @ z', [1, 0]), ('w eir', [1]), ('h e lw - m i t s', [1, 0]), ('a n d', [1]), ('dh eir', [1]), ('k aa z', [1]), ('k @ n - t ei n', [0, 1]), ('ai - dh @', [1, 0]), ('d uh k t', [1]), ('t ei p t', [1]), ('w i n - d ou z', [1, 0]), ('oo', [1]), ('ei', [1]), ('w ai @', [1]), ('m e sh', [1]), ('i n - s @@r t', [0, 1])]","('i n - s @@r t', [1, 0])"
2550,"[('p l a - s t i k', [1, 0]), ('s p ai - r @ lw', [1, 0]), ('b ai n d - i ng', [1, 0]), ('i z', [1]), ('ei', [1]), ('th r ii', [1]), ('s t e p', [1]), ('p r ou - s e s', [1, 0]), ('p uh n ch', [1]), ('i n - s @@r t', [1, 0]), ('k r i m p', [1])]","('i n - s @@r t', [0, 1])"
2555,"[('dh @', [0]), ('s ii - d @ n', [1, 0]), ('w o z', [1]), ('k aa - p i t - i d', [1, 0, 0]), ('i n', [1]), ('dh @', [0]), ('r i@', [1]), ('w i dh', [1]), ('ei', [1]), ('k aa - p i t', [1, 0]), ('i n - s @@r t', [0, 1]), ('oo lw - s ou', [1, 0]), ('f ow n d', [1]), ('i n', [1]), ('dh @', [0]), ('f r uh n t', [1]), ('r uh b - @', [1, 0]), ('m a t', [1])]","('i n - s @@r t', [1, 0])"
2561,"[('dh eir', [1]), ('m ei', [1]), ('oo lw - s ou', [1, 0]), ('b ii', [1]), ('i n - s @@r t', [0, 1]), ('p oi n t s', [1]), ('f @', [0]), ('ei', [1]), ('s @@r - t @ n', [1, 0]), ('b uh s', [1]), ('oo', [1]), ('ii - v n!', [1, 0]), ('dh ii', [0]), ('i n - t ai @', [0, 1]), ('m i k s', [1])]","('i n - s @@r t', [1, 0])"
2566,"[('k w oo - t @', [1, 0]), ('i n ch', [1]), ('f ou n', [1]), ('k @ - n e k t - @ z', [0, 1, 0]), ('aa', [1]), ('w ai d - l iy', [1, 0]), ('y uu s t', [1]), ('t uu', [0]), ('k @ - n e k t', [0, 1]), ('i k - s t @@r - n l!', [0, 1, 0]), ('p r ou - s e s - i ng', [1, 0, 0]), ('d i - v ai s - i z', [0, 1, 0]), ('t uu', [0]), ('m i k s - i ng', [1, 0]), ('k @ n - s ou lw z', [0, 1]), ('s i n - s @@r t', [1, 0]), ('p oi n t s', [1]), ('s ii', [1]), ('i n - s @@r t', [0, 1]), ('i - f e k t s', [0, 1]), ('p r @ - s e s - i ng', [0, 1, 0])]","('i n - s @@r t', [1, 0])"
2567,"[('t e ch - n @ - g r aa f', [1, 0, 2]), ('i z', [1]), ('@ - v ei l - @ - b l!', [0, 1, 0, 0]), ('a z', [1]), ('ei', [1]), ('k w oo - t @ - l iy', [1, 0, 0]), ('i n - s @@r t', [0, 1]), ('i n', [1]), ('dh @', [0]), ('d ei - l iy', [1, 0]), ('i - l ii - n iy', [0, 1, 0])]","('i n - s @@r t', [1, 0])"
2584,"[('dh @', [0]), ('d uh k - t @ s', [1, 0]), ('s e - m i - n l! - i s', [1, 0, 0, 0]), ('i n - s @@r t', [1, 0]), ('f r o m', [1]), ('@ - b uh v', [0, 1]), ('ei', [1]), ('b i t', [1]), ('b i - f oo', [0, 1]), ('dh @', [0]), ('f oo - w @ d', [1, 0]), ('e jh', [1]), ('o v', [1]), ('dh ii', [0]), ('a n - t r @ m', [1, 0])]","('i n - s @@r t', [0, 1])"
2587,"[('i t', [1]), ('w o z', [1]), ('oo lw - s ou', [1, 0]), ('y uu s t', [1]), ('a z', [1]), ('a n', [1]), ('i n - s @@r t', [0, 1]), ('th ii m', [1]), ('o n', [1]), ('dh @', [0]), ('t w e n - t iy', [1, 0]), ('t w e lw v', [1]), ('f y uu - jh ai', [1, 0]), ('t v', [1]), ('s i@ - r iy z', [1, 0]), ('ai - k iy', [1, 0]), ('m ou', [1]), ('d e - k i - n ai', [2, 0, 1]), ('n a t - s uu', [1, 0])]","('i n - s @@r t', [1, 0])"
2606,"[('w i ch - e - v @', [3, 1, 0]), ('w ei', [1]), ('dh @', [0]), ('b r aa n ch - i z', [1, 0]), ('o v', [1]), ('dh @', [0]), ('b i t', [1]), ('i n - k l ai n', [1, 0]), ('dh @', [0]), ('h oo s - i z', [1, 0]), ('m ow th', [1]), ('oo lw - w ei z', [1, 0]), ('g ou z', [1]), ('t uu', [0]), ('dh @', [0]), ('k o n - t r @ - r iy', [1, 0, 0])]","('i n - k l ai n', [0, 1])"
2637,"[('h i z', [1]), ('w i - m i n', [1, 0]), ('aa', [1]), ('s l i m', [1]), ('a n d', [1]), ('l o ng', [1]), ('l i m d', [1]), ('h i z', [1]), ('m e n', [1]), ('i n - k l ai n', [1, 0]), ('t uu', [0]), ('p l uh m p - n @ s', [1, 0]), ('a n d', [1]), ('b ou th', [1]), ('i n - jh oi', [0, 1]), ('t ei - p @ r - i ng', [1, 0, 0]), ('f i ng - g @ z', [1, 0]), ('a n d', [1]), ('t ou z', [1])]","('i n - k l ai n', [0, 1])"
3747,"[('i n', [1]), ('t uu', [1]), ('th ow - z n! d', [1, 0]), ('s i k s', [1]), ('p @@r - f i k t - m @ ch', [1, 0, 0]), ('d o t', [1]), ('k o m', [1]), ('w o z', [1]), ('s t uh ng', [1]), ('w i dh', [1]), ('k @ n - t r o - v @ - s iy', [0, 1, 0, 0]), ('ou - v @', [1, 0]), ('k @ m - p l ei n t s', [0, 1]), ('@ - b ow t', [0, 1]), ('p oo', [1]), ('s @@r - v i s', [1, 0]), ('a n d', [1]), ('f ei - l y @', [1, 0]), ('t uu', [0]), ('r i - s p o n s', [0, 1]), ('t uu', [0]), ('r ii - f uh n d', [3, 1]), ('r i - k w e s t s', [0, 1])]","('r ii - f uh n d', [1, 0])"
3770,"[('uh - dh @ z', [1, 0]), ('h a v', [1]), ('b ii n', [1]), ('r i - p oo t - i d', [0, 1, 0]), ('t uu', [0]), ('p r i n t', [1]), ('f ei k', [1]), ('r i - s ii t s', [0, 1]), ('w i ch', [1]), ('dh ei', [1]), ('y uu z', [1]), ('t uu', [0]), ('r i - t @@r n', [0, 1]), ('s t ou l - @ n', [1, 0]), ('m @@r - ch @ n - d ai s', [1, 0, 0]), ('f @', [0]), ('ei', [1]), ('k a sh', [1]), ('r ii - f uh n d', [3, 1])]","('r ii - f uh n d', [1, 0])"
5083,"[('w i sh - aa t', [1, 0]), ('r i - t @@r n d', [0, 1]), ('t uu', [0]), ('m y uu - z i k', [1, 0]), ('i n', [1]), ('t uu', [1]), ('th ow - z n! d', [1, 0]), ('s e - v n!', [1, 0]), ('@ k - s e p t - i ng', [0, 1, 0]), ('a n', [1]), ('i n - v ai t', [0, 1]), ('f r o m', [1]), ('d o n', [1]), ('f oo lw - k ou n', [1, 0]), ('o v', [1]), ('s p i - r i t s', [1, 0]), ('b @@r n - i ng', [1, 0])]","('i n - v ai t', [1, 0])"
5085,"[('dh @', [0]), ('g ei m', [1]), ('@ - r i - jh i n - @ l - iy', [0, 1, 0, 0, 0]), ('g ei v', [1]), ('a n', [1]), ('oo - t @ - m a - t i k', [2, 0, 1, 0]), ('i n - v ai t', [0, 1]), ('t uu', [0]), ('ei', [1]), ('t ii m', [1]), ('f r o m', [1]), ('dh @', [0]), ('n ow', [1]), ('d i - f uh ng k t', [0, 1]), ('s ow th - w e s t', [3, 1]), ('k o n - f @ r - @ n s', [1, 0, 0]), ('s oo', [1])]","('i n - v ai t', [1, 0])"
5089,"[('n ou', [1]), ('i n - v ai t', [0, 1]), ('h a d', [1]), ('b ii n', [1]), ('i k - s t e n d - i d', [0, 1, 0]), ('t uu', [0]), ('ai - dh @', [1, 0]), ('dh e m', [1]), ('oo', [1]), ('l i - v @ - p uu lw', [1, 0, 0]), ('h uu', [1]), ('h a d', [1]), ('f i - n i sh t', [1, 0]), ('b o - t @ m', [1, 0]), ('o v', [1]), ('dh @', [0]), ('f @@r s t', [1]), ('d i - v i - zh n!', [0, 1, 0])]","('i n - v ai t', [1, 0])"
5090,"[('d i - s p ai t', [0, 1]), ('dh @', [0]), ('s @ k - s e s', [0, 1]), ('dh @', [0]), ('r a m z', [1]), ('d i d - n! t', [1, 0]), ('g e t', [1]), ('ei', [1]), ('b ou lw', [1]), ('i n - v ai t', [0, 1]), ('dh a t', [1]), ('s ii - z n!', [1, 0])]","('i n - v ai t', [1, 0])"
5100,"[('k u - l @ m - b iy', [1, 0, 0]), ('w o z', [1]), ('oo lw - s ou', [1, 0]), ('a n', [1]), ('i n - v ai t', [0, 1]), ('t uu', [0]), ('dh @', [0]), ('t r ei n - i ng', [1, 0]), ('k a m p', [1]), ('f @', [0]), ('k a - n @ - d @ z', [1, 0, 0]), ('e n - t r iy', [1, 0]), ('i n', [1]), ('dh @', [0]), ('t uu', [1]), ('th ow - z n! d', [1, 0]), ('f ai v', [1]), ('w @@r lw d', [1]), ('jh uu - n iy @', [1, 0]), ('ai s', [1]), ('h o k - iy', [1, 0]), ('ch a m - p iy @ n - sh i p s', [1, 0, 2])]","('i n - v ai t', [1, 0])"
5106,"[('dh ei', [1]), ('oo lw - s ou', [1, 0]), ('h ou s t', [1]), ('a n', [1]), ('a - n y uw @ lw', [1, 0]), ('i n - v ai t', [0, 1]), ('a t', [1]), ('dh ii', [0]), ('uh p - @', [1, 0]), ('v a - l iy', [1, 0]), ('@ - k w a - t i k', [0, 1, 0]), ('s e n - t @', [1, 0]), ('i n', [1]), ('n i@ - b ai', [3, 1]), ('w ai t', [1]), ('r i - v @', [1, 0]), ('jh uh ng k - sh n!', [1, 0]), ('v e t', [1])]","('i n - v ai t', [1, 0])"
5110,"[('ch ei m - b @ z', [1, 0]), ('d i d', [1]), ('n o t', [1]), ('i m - p r e s', [0, 1]), ('dh ii', [0]), ('ii - g l! z', [1, 0]), ('p @@r - s n! - e lw', [2, 0, 1]), ('i - n uh f', [0, 1]), ('t uu', [0]), ('r i - s ii v', [0, 1]), ('a n', [1]), ('i n - v ai t', [0, 1]), ('t uu', [0]), ('dh ii', [0]), ('ii - g l! z', [1, 0]), ('m ai - n iy', [1, 0]), ('k a m p', [1])]","('i n - v ai t', [1, 0])"
5113,"[('dh i s', [1]), ('v i k - t @ - r iy', [1, 0, 0]), ('@@r n d', [1]), ('sh eir', [1]), ('a n', [1]), ('i n - v ai t', [0, 1]), ('t uu', [0]), ('dh @', [0]), ('t w e n - t iy', [1, 0]), ('th @@r - t ii n', [0, 1]), ('aa - n l! d', [1, 0]), ('s t r o ng - m a n', [1, 3]), ('k l a s - i k', [1, 0])]","('i n - v ai t', [1, 0])"
5119,"[('o n', [1]), ('m ei', [1]), ('n ai n th', [1]), ('t uu', [1]), ('th ow - z n! d', [1, 0]), ('s e - v n!', [1, 0]), ('l a n z - d ei lw', [1, 0]), ('k a th - l i k', [1, 0]), ('@ d - m i - n i - s t r ei t - @ z', [0, 1, 0, 2, 0]), ('@ - n ow n s t', [0, 1]), ('dh a t', [1]), ('dh ei', [1]), ('h a v', [1]), ('@ k - s e p t - i d', [0, 1, 0]), ('a n', [1]), ('i n - v ai t', [0, 1]), ('t uu', [0]), ('dh @', [0]), ('f i - l @ - d e lw - f iy @', [2, 0, 1, 0]), ('k a th - l i k', [1, 0]), ('l ii g', [1])]","('i n - v ai t', [1, 0])"
5122,"[('dh i s', [1]), ('v i k - t @ - r iy', [1, 0, 0]), ('@@r n d', [1]), ('h i m', [1]), ('h i z', [1]), ('p r ou', [1]), ('s t r o ng - m a n', [1, 3]), ('k aa d', [1]), ('a z', [1]), ('w e lw', [1]), ('a z', [1]), ('a n', [1]), ('i n - v ai t', [0, 1]), ('t uu', [0]), ('dh @', [0]), ('t w e n - t iy', [1, 0]), ('i - l e - v n!', [0, 1, 0]), ('aa - n l! d', [1, 0]), ('s t r o ng - m a n', [1, 3]), ('k l a s - i k', [1, 0])]","('i n - v ai t', [1, 0])"
5124,"[('aa s t', [1]), ('w i n z', [1]), ('i n - v ai t', [0, 1]), ('t uu', [0]), ('n e k s t', [1]), ('y i@ z', [1]), ('i - s ii n', [0, 1]), ('s uh - m i t', [1, 0])]","('i n - v ai t', [1, 0])"
5128,"[('s ai n d', [1]), ('f r ii', [1]), ('ei - jh @ n t', [1, 0]), ('i f', [1]), ('a n - d iy', [1, 0]), ('l a - r @ sh', [1, 0]), ('t uu', [0]), ('ei', [1]), ('m ai - n @', [1, 0]), ('l ii g', [1]), ('d ii lw', [1]), ('w i dh', [1]), ('a n', [1]), ('i n - v ai t', [0, 1]), ('t uu', [0]), ('b i g', [1]), ('l ii g', [1]), ('k a m p', [1])]","('i n - v ai t', [1, 0])"
5137,"[('dh @', [0]), ('g r uu p s', [1]), ('b oo d', [1]), ('w o z', [1]), ('i n - v ai t - i d', [0, 1, 0]), ('t uu', [0]), ('dh ii', [0]), ('i n - v ai t', [0, 1]), ('ou n - l iy', [1, 0]), ('l oo n ch', [1]), ('o v', [1]), ('dh @', [0]), ('k i t s', [1]), ('a n d', [1]), ('l ou - g ou', [1, 0]), ('t uu', [0]), ('b ii', [1]), ('y uu s t', [1]), ('i n', [1]), ('e m lw z', [1])]","('i n - v ai t', [1, 0])"
5142,"[('uh n - d r aa f t - i d', [0, 1, 0]), ('b ai', [1]), ('ei', [1]), ('n a sh - n l!', [1, 0]), ('h o - k iy', [1, 0]), ('l ii g', [1]), ('n e lw', [1]), ('k l uh b', [1]), ('t e - s iy @', [1, 0]), ('@@r n d', [1]), ('a n', [1]), ('i n - v ai t', [0, 1]), ('t uu', [0]), ('dh @', [0]), ('m o n - t r ii lw', [0, 1]), ('k @ - n ei - d iy @ n z', [0, 1, 0]), ('t r ei n - i ng', [1, 0]), ('k a m p', [1]), ('i n', [1]), ('t uu', [1]), ('th ow - z n! d', [1, 0])]","('i n - v ai t', [1, 0])"
5144,"[('dh ii', [0]), ('i - v e n t s', [0, 1]), ('aa', [1]), ('i n - v ai t', [0, 1]), ('ou n - l iy', [1, 0]), ('a n d', [1]), ('aa', [1]), ('d i - z ai n d', [0, 1]), ('t uu', [0]), ('i n - t r @ - d y uu s', [2, 0, 1]), ('oo lw - t @@r - n @ t - i v', [0, 1, 0, 0]), ('p r @ - t ii n', [0, 1]), ('s oo s - i z', [1, 0]), ('a z', [1]), ('w e lw', [1]), ('a z', [1]), ('s e - l @ - b r ei t', [1, 0, 0]), ('n ei - t i v', [1, 0]), ('ii t - i ng', [1, 0]), ('t r @ - d i - sh n! z', [0, 1, 0])]","('i n - v ai t', [1, 0])"
5146,"[('w ii', [1]), ('h a d', [1]), ('i n - d @ - s t r iy', [1, 0, 0]), ('f r e n d z', [1]), ('@ - k w ei n t - @ n s - i z', [0, 1, 0, 0]), ('a n d', [1]), ('dh ii', [0]), ('o d', [1]), ('f r ii', [1]), ('l ou d - @', [1, 0]), ('dh a t', [1]), ('w ii', [1]), ('h a n d - i d', [1, 0]), ('ow t', [1]), ('a n', [1]), ('i n - v ai t', [0, 1]), ('t uu', [0]), ('o n', [1]), ('dh @', [0]), ('r ou d', [1])]","('i n - v ai t', [1, 0])"
5147,"[('d y uu', [1]), ('t uu', [0]), ('l i - m i t - i d', [1, 0, 0]), ('@ - v ei l - @ - b i l - @ - t iy', [0, 2, 0, 1, 0, 0]), ('dh @', [0]), ('f ou n', [1]), ('k u d', [1]), ('i - n i - sh l! - iy', [0, 1, 0, 0]), ('ou n - l iy', [1, 0]), ('b ii', [1]), ('p @@r - ch i s t', [1, 0]), ('th r uu', [1]), ('a n', [1]), ('i n - v ai t', [0, 1]), ('s i - s t @ m', [1, 0])]","('i n - v ai t', [1, 0])"
5152,"[('o n', [1]), ('n ou - v e m - b @', [0, 1, 0]), ('t w e n - t iy', [1, 0]), ('s i k s th', [1]), ('t w e n - t iy', [1, 0]), ('i - l e - v n!', [0, 1, 0]), ('dh @', [0]), ('l uw - ii - z iy - a - n @', [0, 2, 0, 1, 0]), ('t e k', [1]), ('b u lw - d o g z', [1, 3]), ('@ k - s e p t - i d', [0, 1, 0]), ('a n', [1]), ('i n - v ai t', [0, 1]), ('t uu', [0]), ('r e - p r i - z e n t', [2, 0, 1]), ('dh @', [0]), ('w o k', [1])]","('i n - v ai t', [1, 0])"
5157,"[('dh @', [0]), ('g r uh b z', [1]), ('r i - s ii v', [0, 1]), ('dh ii', [0]), ('i n - v ai t', [0, 1]), ('a n d', [1]), ('t r ei s', [1]), ('i t', [1]), ('b a k', [1]), ('t uu', [0]), ('@@r th', [1])]","('i n - v ai t', [1, 0])"
5657,"[('dh i s', [1]), ('f ii - ch @', [1, 0]), ('h ow - e - v @', [2, 1, 0]), ('i z', [1]), ('t e - n @ - b l!', [1, 0, 0]), ('ou n - l iy', [1, 0]), ('a z', [1]), ('f aa', [1]), ('a z', [1]), ('h aa d', [1]), ('d i - t @@r - m i n - i s t s', [0, 1, 0, 0]), ('d i - s k aa d', [1, 0]), ('r i - s p o n - s @ - b i l - @ - t iy', [0, 2, 0, 1, 0, 0])]","('d i - s k aa d', [0, 1])"
5664,"[('@ - l ow', [0, 1]), ('w oo - t @', [1, 0]), ('t uu', [0]), ('d r ei n', [1]), ('i n - t uu', [1, 0]), ('dh @', [0]), ('s oo s - @', [1, 0]), ('a n d', [1]), ('d i - s k aa d', [1, 0]), ('e k - s e s', [1, 0]), ('w oo - t @', [1, 0])]","('d i - s k aa d', [0, 1])"
5670,"[('dh ou z', [1]), ('h uu', [1]), ('p l ei', [1]), ('m uh s t', [1]), ('w i n', [1]), ('a t', [1]), ('l ii s t', [1]), ('t uu', [1]), ('t r i k s', [1]), ('b uh t', [1]), ('m ei', [1]), ('f @@r s t', [1]), ('d i - s k aa d', [1, 0]), ('a n d', [1]), ('d r oo', [1]), ('e - n iy', [1, 0]), ('n uh m - b @', [1, 0]), ('o v', [1]), ('r i - p l ei s - m @ n t s', [0, 1, 0])]","('d i - s k aa d', [0, 1])"
5682,"[('f r o m', [1]), ('d i - s k aa d', [0, 1]), ('t uu', [0]), ('d i - v i n - ei - sh n!', [2, 0, 1, 0]), ('d i - m aa - k ei t - i ng', [0, 1, 0, 0]), ('dh @', [0]), ('s ei - k r i d', [1, 0]), ('th r uu', [1]), ('dh @', [0]), ('k @ - l e k - sh n!', [0, 1, 0]), ('a n d', [1]), ('k y ur - r ei - sh n!', [0, 1, 0]), ('o v', [1]), ('d i - s k aa d - i d', [0, 1, 0]), ('o b - jh i k t s', [1, 0])]","('d i - s k aa d', [1, 0])"
5689,"[('k @@r s t', [1]), ('l e - g @ - s iy', [1, 0, 0]), ('r i - l ii s t', [0, 1]), ('dh ii', [0]), ('i k - s k l uu s - i v', [0, 1, 0]), ('d i - jh i - t l!', [1, 0, 0]), ('a lw - b @ m', [1, 0]), ('d i - s k aa d', [1, 0]), ('w uh n s', [1]), ('m ou - sh n! - l @ s', [1, 0, 0]), ('th r uu', [1]), ('b a n d - k a m p', [1, 3]), ('o n', [1]), ('ei', [1]), ('p ei', [1]), ('w o t', [1]), ('y uu', [1]), ('w o n t', [1]), ('b ei - s i s', [1, 0])]","('d i - s k aa d', [0, 1])"
5970,"[('dh a t', [1]), ('i z', [1]), ('dh ii', [0]), ('i n - v @@r s', [0, 1]), ('w ei v - l i t', [1, 0]), ('t r a n s - f oo m', [0, 1]), ('i z', [1]), ('dh ii', [0]), ('@ - jh oi n t', [0, 1]), ('o v', [1]), ('dh @', [0]), ('w ei v - l i t', [1, 0]), ('t r a n s - f oo m', [0, 1])]","('t r a n s - f oo m', [1, 0])"
5972,"[('dh @', [0]), ('m ai - k r @ - f ou - n iy z', [1, 0, 2, 0]), ('d i - t e k t', [0, 1]), ('p i ch', [1]), ('y uu z - i ng', [1, 0]), ('d i - jh i t - l!', [1, 0, 0]), ('s i g - n l!', [1, 0]), ('p r ou - s e s - i ng', [1, 0, 0]), ('w i ch', [1]), ('@ - n a - l @ - s ii z', [0, 1, 0, 0]), ('dh @', [0]), ('f r ii - k w @ n s - iy', [1, 0, 0]), ('o v', [1]), ('dh ii', [0]), ('i n - k uh m - i ng', [1, 2, 0]), ('s i g - n l!', [1, 0]), ('v ai @', [1]), ('f aa s t', [1]), ('f ow - r iy @', [1, 0]), ('t r a n s - f oo m', [0, 1])]","('t r a n s - f oo m', [1, 0])"
5974,"[('dh @', [0]), ('g ei - b @', [1, 0]), ('t r a n s - f oo m', [0, 1]), ('h a z', [1]), ('m e - n iy', [1, 0]), ('p r o - p @ - t iy z', [1, 0, 0]), ('l ai k', [1]), ('dh ou z', [1]), ('o v', [1]), ('dh @', [0]), ('f ow - r iy @', [1, 0]), ('t r a n s - f oo m', [0, 1])]","('t r a n s - f oo m', [1, 0])"
5976,"[('v p ii', [1]), ('ei t', [1]), ('i z', [1]), ('ei', [1]), ('t r @ - d i - sh n! - @ lw', [0, 1, 0, 0]), ('b l o k', [1]), ('b ei s t', [1]), ('t r a n s - f oo m', [0, 1]), ('k ou d - i ng', [1, 0]), ('f @ - m a t', [0, 1])]","('t r a n s - f oo m', [1, 0])"
5978,"[('i k - s t e n d - i d', [0, 1, 0]), ('p r i - s i - zh n!', [0, 1, 0]), ('p r ou - s e s - i ng', [1, 0, 0]), ('y uu z - i ng', [1, 0]), ('a n', [1]), ('i k - s t e n d - i d', [0, 1, 0]), ('d ai - n a - m i k', [0, 1, 0]), ('r ei n jh', [1]), ('f @', [0]), ('i n - t @', [1, 0]), ('p r i - d i k - sh n!', [0, 1, 0]), ('i n - t @@r - p @ - l ei - sh n!', [0, 2, 0, 1, 0]), ('a n d', [1]), ('i n - v @@r s', [0, 1]), ('t r a n s - f oo m', [0, 1])]","('t r a n s - f oo m', [1, 0])"
5981,"[('t i p - i - k l iy', [1, 0, 0]), ('dh i s', [1]), ('i z', [1]), ('d uh n', [1]), ('v ai @', [1]), ('sh oo t', [1]), ('t ai m', [1]), ('f aa s t', [1]), ('f ow - r iy @', [1, 0]), ('t r a n s - f oo m', [0, 1]), ('s t f f t', [1])]","('t r a n s - f oo m', [1, 0])"
5987,"[('dh eir', [1]), ('i z', [1]), ('oo lw - s ou', [1, 0]), ('a n', [1]), ('a - n @ - l o g', [1, 0, 0]), ('o v', [1]), ('dh @', [0]), ('k o n - v @ - l uu - sh n!', [2, 0, 1, 0]), ('th i@ - r e m', [3, 1]), ('f @', [0]), ('dh @', [0]), ('h aa t - l iy', [1, 0]), ('t r a n s - f oo m', [0, 1])]","('t r a n s - f oo m', [1, 0])"
5991,"[('dh @', [0]), ('t r a n z - l ei - sh n! - @ lw', [0, 1, 0, 0]), ('a - d a p t - ei - sh n!', [2, 0, 1, 0]), ('t r a n s - f oo m', [0, 1]), ('y uu s t', [1]), ('i n', [1]), ('s iy - e - l @ v', [0, 1, 0]), ('h a z', [1]), ('oo lw - s ou', [1, 0]), ('b ii n', [1]), ('sh ou n', [1]), ('t uu', [0]), ('p @ - f oo m', [0, 1]), ('p oo - l iy', [1, 0]), ('i n', [1]), ('p r i - d i k t - i ng', [0, 1, 0]), ('k o - r i - s p o n d - i ng', [2, 0, 1, 0]), ('k uh - l @ z', [1, 0])]","('t r a n s - f oo m', [1, 0])"
5995,"[('i t', [1]), ('i z', [1]), ('n o t', [1]), ('p o - s i - b l!', [1, 0, 0]), ('i n', [1]), ('jh e n - r @ lw', [1, 0]), ('t uu', [0]), ('d i - t @@r - m i n', [0, 1, 0]), ('k oo z - a l - @ - t iy', [0, 1, 0, 0]), ('f r o m', [1]), ('dh @', [0]), ('l a - p l ei s', [0, 1]), ('t r a n s - f oo m', [0, 1]), ('b i - k o z', [0, 1]), ('dh ii', [0]), ('i n - v @@r s', [0, 1]), ('t r a n s - f oo m', [0, 1]), ('i z', [1]), ('n o t', [1]), ('y uw - n ii k', [0, 1])]","('t r a n s - f oo m', [1, 0])"
5996,"[('r e - l @ t - i v', [1, 0, 0]), ('t uu', [0]), ('dh @', [0]), ('f ow - r iy @', [1, 0]), ('t r a n s - f oo m', [0, 1]), ('i m - p l i - m e n t - ei - sh n!', [2, 0, 0, 1, 0]), ('o v', [1]), ('dh i s', [1]), ('t r a n s - f oo m', [0, 1]), ('i z', [1]), ('m oo', [1]), ('t r i k - iy', [1, 0])]","('t r a n s - f oo m', [1, 0])"
5997,"[('dh eir', [1]), ('aa', [1]), ('m e - n iy', [1, 0]), ('d i - f r @ n t', [1, 0]), ('s t r a - t @ - jh iy z', [1, 0, 0]), ('f @', [0]), ('ch uu z - i ng', [1, 0]), ('ei', [1]), ('p r @ - jh e k t - i v', [0, 1, 0]), ('t r a n s - f oo m', [0, 1]), ('ei ch', [1]), ('f @', [0]), ('ii ch', [1]), ('i - m i jh', [1, 0]), ('f r o m', [1]), ('oo lw', [1]), ('p o - s i - b l!', [1, 0, 0]), ('s @ - l uu - sh n! z', [0, 1, 0])]","('t r a n s - f oo m', [1, 0])"
5998,"[('v oo - b i s', [1, 0]), ('ai', [1]), ('i z', [1]), ('ei', [1]), ('f oo - w @ d', [1, 0]), ('@ - d a p - t i v', [0, 1, 0]), ('m @ - n o - l i - th i k', [0, 1, 0, 0]), ('t r a n s - f oo m', [0, 1]), ('k o - d e k', [1, 0]), ('b ei s t', [1]), ('o n', [1]), ('dh @', [0]), ('m o - d i - f ai d', [1, 0, 0]), ('d i - s k r ii t', [0, 1]), ('k ou - z i n', [1, 0]), ('t r a n s - f oo m', [0, 1]), ('m d k t', [1])]","('t r a n s - f oo m', [1, 0])"
6001,"[('k o n - jh u - g @ t', [1, 0, 0]), ('h aa - m o - n i k', [0, 1, 0]), ('f uh ng k - sh n! z', [1, 0]), ('a n d', [1]), ('s ou', [1]), ('oo lw - s ou', [1, 0]), ('dh @', [0]), ('h i lw - b @ t', [1, 0]), ('t r a n s - f oo m', [0, 1]), ('aa', [1]), ('@ - s ou - s iy - ei t - i d', [0, 1, 0, 2, 0]), ('w i dh', [1]), ('dh ii', [0]), ('a - s i m p - t o - t i k s', [2, 0, 1, 0]), ('o v', [1]), ('dh @', [0]), ('p oi - z n!', [1, 0]), ('k @@r - n l!', [1, 0])]","('t r a n s - f oo m', [1, 0])"
6003,"[('dh @', [0]), ('f ow - r iy @', [1, 0]), ('t r a n s - f oo m', [0, 1]), ('o v', [1]), ('dh @', [0]), ('r i - z uh lw t', [0, 1]), ('i z', [1]), ('dh @', [0]), ('s k w eir d', [1]), ('v a - l y uu z', [1, 0]), ('o v', [1]), ('dh @', [0]), ('t r a n s - f oo m', [0, 1]), ('o v', [1]), ('dh @', [0]), ('h aa f', [1]), ('w i t th', [1]), ('r e k - t a ng - g y uw - l @', [0, 1, 0, 0]), ('w i n - d ou', [1, 0])]","('t r a n s - f oo m', [1, 0])"
6010,"[('dh @', [0]), ('l a - p l ei s', [0, 1]), ('t r a n s - f oo m', [0, 1]), ('o v', [1]), ('dh @', [0]), ('h e - v i - s ai d', [1, 0, 2]), ('s t e p', [1]), ('f uh ng k - sh n!', [1, 0]), ('i z', [1]), ('ei', [1]), ('d i - s t r i - b y uu - sh n!', [2, 0, 1, 0])]","('t r a n s - f oo m', [1, 0])"
6011,"[('i n', [1]), ('d i - f ai n - i ng', [0, 1, 0]), ('dh @', [0]), ('d i - s k r ii t', [0, 1]), ('z a k', [1]), ('t r a n s - f oo m', [0, 1]), ('dh ii', [0]), ('i n - p u t', [1, 3]), ('f uh ng k - sh n!', [1, 0]), ('i z', [1]), ('ei', [1]), ('f uh ng k - sh n!', [1, 0]), ('o v', [1]), ('a n', [1]), ('i n - t e - g @', [0, 1, 0]), ('v eir - r iy @ - b l!', [1, 0, 0])]","('t r a n s - f oo m', [1, 0])"
6021,"[('h ow - e - v @', [2, 1, 0]), ('n ou t', [1]), ('dh a t', [1]), ('dh i s', [1]), ('t r a n s - f oo m', [0, 1]), ('b i - k uh m z', [0, 1]), ('dh ii', [0]), ('@ - r i - jh i n - @ lw', [0, 1, 0, 0]), ('t r a n s - f oo - m @ z', [0, 1, 0])]","('t r a n s - f oo m', [1, 0])"
6022,"[('dh i s', [1]), ('i z', [1]), ('@ b - t ei n d', [0, 1]), ('b ai', [1]), ('@ - p l ai - i ng', [0, 1, 0]), ('dh ii', [0]), ('i n - v @@r s', [0, 1]), ('t r a n s - f oo m', [0, 1]), ('s aa m - p l! - i ng', [1, 0, 0]), ('m e - th @ d', [1, 0])]","('t r a n s - f oo m', [1, 0])"
6027,"[('oo - b i - t r a p', [1, 0, 0]), ('i n - s t r @ - m @ n t s', [1, 0, 0]), ('aa', [1]), ('s i - m i - l @', [1, 0, 0]), ('t uu', [0]), ('f ow - r iy @', [1, 0]), ('t r a n s - f oo m', [0, 1]), ('ai @ n', [1]), ('s ai - k l @ - t r @ n', [1, 0, 0]), ('r e - z @ - n @ n s', [1, 0, 0]), ('m a s', [1]), ('s p e k - t r o - m i t - @ z', [0, 1, 0, 0]), ('s ii', [1]), ('t e k s t', [1]), ('b i - l ou', [0, 1])]","('t r a n s - f oo m', [1, 0])"
6029,"[('h e n s', [1]), ('w ii', [1]), ('k a n', [1]), ('s ii', [1]), ('dh a t', [1]), ('dh @', [0]), ('k o m - p y uw t - ei - sh n!', [2, 0, 1, 0]), ('o v', [1]), ('h a - d @ - m aa d', [1, 0, 0]), ('t r a n s - f oo m', [0, 1]), ('i z', [1]), ('ei', [1]), ('s p e - sh l!', [1, 0]), ('k ei s', [1]), ('o v', [1]), ('dh ii', [0]), ('m p f', [1]), ('p r o - b l @ m', [1, 0])]","('t r a n s - f oo m', [1, 0])"
6033,"[('dh ii', [0]), ('i n - t r @ - d uh k - sh n!', [2, 0, 1, 0]), ('o v', [1]), ('d ii - f e k t s', [1, 0]), ('i n', [1]), ('dh @', [0]), ('k r i - s t l!', [1, 0]), ('l ii d z', [1]), ('t uu', [0]), ('a n', [1]), ('a - z i - m e - t r i k', [2, 0, 1, 0]), ('d i - f r a k - sh n!', [0, 1, 0]), ('p a - t @ n', [1, 0]), ('w i dh', [1]), ('ei', [1]), ('k o m - p l e k s', [1, 0]), ('v a - l y uu d', [1, 0]), ('i n - v @@r s', [0, 1]), ('f ow - r iy @', [1, 0]), ('t r a n s - f oo m', [0, 1])]","('t r a n s - f oo m', [1, 0])"
6036,"[('i t', [1]), ('m ei', [1]), ('oo lw - s ou', [1, 0]), ('b ii', [1]), ('i k - s t e n d - i d', [0, 1, 0]), ('t uu', [0]), ('w @@r k', [1]), ('f @', [0]), ('i - v a - l y uw - ei t - i ng', [0, 1, 0, 2, 0]), ('l a - p l ei s', [0, 1]), ('t r a n s - f oo m', [0, 1])]","('t r a n s - f oo m', [1, 0])"
6039,"[('dh @', [0]), ('m ou - t i v - ei - sh n!', [2, 0, 1, 0]), ('b i - h ai n d', [0, 1]), ('b a n d - l i t s', [1, 0]), ('i z', [1]), ('t uu', [0]), ('p @ - f oo m', [0, 1]), ('ei', [1]), ('t r a n s - f oo m', [0, 1]), ('o n', [1]), ('f uh ng k - sh n! z', [1, 0]), ('d i - f ai n d', [0, 1]), ('a z', [1]), ('s m uu dh', [1]), ('f uh ng k - sh n! z', [1, 0]), ('o n', [1]), ('s m uu dh - l iy', [1, 0]), ('b ow n d - i d', [1, 0]), ('d @ - m ei n z', [0, 1])]","('t r a n s - f oo m', [1, 0])"
6043,"[('dh @', [0]), ('l uu p', [1]), ('t r a n s - f oo m', [0, 1]), ('d i - f ai n z', [0, 1]), ('dh @', [0]), ('l uu p', [1]), ('r e - p r i - z e n t - ei - sh n!', [2, 0, 0, 1, 0])]","('t r a n s - f oo m', [1, 0])"
6044,"[('dh ii', [0]), ('ii s t - @ n', [1, 0]), ('s ai d z', [1]), ('o v', [1]), ('dh ii z', [1]), ('f l uh d - p l ei n z', [1, 3]), ('aa', [1]), ('b ow n d - i d', [1, 0]), ('b ai', [1]), ('s t r ai k', [1]), ('s l i p', [1]), ('oo', [1]), ('t r a n s - f oo m', [0, 1]), ('f oo lw t s', [1])]","('t r a n s - f oo m', [1, 0])"
6047,"[('n ai - ii v - l iy', [0, 1, 0]), ('w ii', [1]), ('m ai t', [1]), ('t r ai', [1]), ('t uu', [0]), ('@ - p l ai', [0, 1]), ('dh @', [0]), ('e m f', [1]), ('t r a n s - f oo m', [0, 1]), ('d ai - r e k t - l iy', [0, 1, 0])]","('t r a n s - f oo m', [1, 0])"
6051,"[('w ei v - l i t s', [1, 0]), ('aa', [1]), ('l ou - k @ l - ai z d', [1, 0, 0]), ('i n', [1]), ('b ou th', [1]), ('t ai m', [1]), ('a n d', [1]), ('f r ii - k w @ n s - iy', [1, 0, 0]), ('w eir r - a z', [3, 1]), ('dh @', [0]), ('s t a n - d @ d', [1, 0]), ('f ow - r iy @', [1, 0]), ('t r a n s - f oo m', [0, 1]), ('i z', [1]), ('ou n - l iy', [1, 0]), ('l ou - k @ l - ai z d', [1, 0, 0]), ('i n', [1]), ('f r ii - k w @ n s - iy', [1, 0, 0])]","('t r a n s - f oo m', [1, 0])"
6053,"[('dh @', [0]), ('m ou s t', [1]), ('i m - p oo - t @ n t', [0, 1, 0]), ('w uh n', [1]), ('i z', [1]), ('dh @', [0]), ('f ow - r iy @', [1, 0]), ('t r a n s - f oo m', [0, 1])]","('t r a n s - f oo m', [1, 0])"
6057,"[('@ b - t ei n', [0, 1]), ('dh @', [0]), ('n oo - m l! - ai z d', [1, 0, 0]), ('k r o s', [1]), ('k o - r @ - l ei - sh n!', [2, 0, 1, 0]), ('b ai', [1]), ('@ - p l ai - i ng', [0, 1, 0]), ('dh ii', [0]), ('i n - v @@r s', [0, 1]), ('f ow - r iy @', [1, 0]), ('t r a n s - f oo m', [0, 1])]","('t r a n s - f oo m', [1, 0])"
7072,"[('dh ii z', [1]), ('a - n i - m l! z', [1, 0, 0]), ('dh ou', [1]), ('dh ei', [1]), ('y uu - zh uw @ l - iy', [1, 0, 0]), ('p ou z', [1]), ('l i - t l!', [1, 0]), ('th r e t', [1]), ('t uu', [0]), ('a - d uh lw t', [1, 0]), ('i - g y uu @ - n @ z', [0, 1, 0]), ('d uu', [1]), ('i m - p a k t', [1, 0]), ('dh eir', [1]), ('r ii - p r @ - d uh k - sh n!', [2, 0, 1, 0]), ('b ai', [1]), ('f ii d - i ng', [1, 0]), ('o f', [1]), ('dh eir', [1]), ('e g z', [1])]","('i m - p a k t', [0, 1])"
7105,"[('k uh - r @ n t - l iy', [1, 0, 0]), ('i m - p ou z - i ng', [0, 1, 0]), ('ei', [1]), ('s e - k @ n d', [1, 0]), ('@ - jh ei - s n! t', [0, 1, 0]), ('ch a - n l!', [1, 0]), ('r i - s t r i k - sh n!', [0, 1, 0]), ('w u d', [1]), ('i m - p a k t', [1, 0]), ('l e s', [1]), ('dh a n', [1]), ('t e n', [1]), ('l p f m', [1]), ('s t ei - sh n! z', [1, 0])]","('i m - p a k t', [0, 1])"
9057,"[('dh ii z', [1]), ('p l a n z', [1]), ('h ow - e - v @', [2, 1, 0]), ('w @@r', [1]), ('r i - p ii t - i d - l iy', [0, 1, 0, 0]), ('p ou - s p ou n d', [0, 1]), ('a n d', [1]), ('i - v e n - ch uw @ l - iy', [0, 1, 0, 0]), ('d i - s k aa d - i d', [0, 1, 0]), ('aa f - t @', [1, 0]), ('dh ii', [0]), ('ou - v @ - th r ou', [2, 0, 1]), ('o v', [1]), ('k o - m y uw n - i - z m!', [1, 0, 2, 0]), ('i n', [1]), ('n ai n - t ii n', [0, 1]), ('ei - t iy', [1, 0]), ('n ai n', [1])]","('ou - v @ - th r ou', [1, 0, 2])"
9063,"[('aa f - t @', [1, 0]), ('h i z', [1]), ('ou - v @ - th r ou', [2, 0, 1]), ('i n', [1]), ('n ai n - t ii n', [0, 1]), ('s e - v n! - t iy', [1, 0, 0]), ('n ai n', [1]), ('i t', [1]), ('r i - k uh - v @ d', [0, 1, 0]), ('i t s', [1]), ('@ - r i - jh i n - @ lw', [0, 1, 0, 0]), ('n ei m', [1])]","('ou - v @ - th r ou', [1, 0, 2])"
9067,"[('ou - p iy @ m', [1, 0]), ('p r @ - d uh k - sh n!', [0, 1, 0]), ('i n', [1]), ('a f - g a - n i - s t aa n', [0, 1, 0, 0]), ('h a z', [1]), ('th r ai v d', [1]), ('s i n s', [1]), ('dh ii', [0]), ('uh s', [1]), ('i n - v ei - zh n!', [0, 1, 0]), ('a n d', [1]), ('ou - v @ - th r ou', [2, 0, 1]), ('o v', [1]), ('dh @', [0]), ('t a - l i - b @ n', [1, 0, 0]), ('g uh - v @ - m @ n t', [1, 0, 0]), ('i n', [1]), ('t uu', [1]), ('th ow - z n! d', [1, 0]), ('w uh n', [1])]","('ou - v @ - th r ou', [1, 0, 2])"
9068,"[('dh ii z', [1]), ('i k - s k l uu - zh n! z', [0, 1, 0]), ('@ - f e k t', [0, 1]), ('a - n @ k - i s t s', [1, 0, 0]), ('k o - m y uw n - i s t s', [1, 0, 0]), ('t @ - t a - l i - t eir - r iy @ n z', [0, 2, 0, 1, 0]), ('a n d', [1]), ('a d - v @ - k @ t s', [1, 0, 0]), ('o v', [1]), ('@ - s a - s i n - ei - sh n!', [0, 2, 0, 1, 0]), ('g uh - v @ - m @ n t', [1, 0, 0]), ('ou - v @ - th r ou', [2, 0, 1]), ('b ai', [1]), ('f oo s', [1]), ('d i - s t r uh k - sh n!', [0, 1, 0]), ('o v', [1]), ('p r o - p @ - t iy', [1, 0, 0]), ('a n d', [1]), ('s a - b @ - t i jh', [1, 0, 0])]","('ou - v @ - th r ou', [1, 0, 2])"
9069,"[('dh ii', [0]), ('ou - v @ - th r ou', [2, 0, 1]), ('o v', [1]), ('dh @', [0]), ('p ei - t r iy @ t', [1, 0]), ('p aa - t iy', [1, 0]), ('f oo s t', [1]), ('h i m', [1]), ('t uu', [0]), ('f l ai', [1]), ('f @', [0]), ('h i z', [1]), ('s ei f - t iy', [1, 0]), ('t uu', [0]), ('f r aa n s', [1])]","('ou - v @ - th r ou', [1, 0, 2])"
9079,"[('sh oo t - l iy', [1, 0]), ('aa f - t @', [1, 0]), ('dh ii', [0]), ('ou - v @ - th r ou', [2, 0, 1]), ('o v', [1]), ('m i - l @ - s e - v i k', [2, 0, 1, 0]), ('p o - p @ - v i k', [1, 0, 0]), ('l e f t', [1]), ('o - p @', [1, 0])]","('ou - v @ - th r ou', [1, 0, 2])"
9081,"[('r i - l ei - sh n! z', [0, 1, 0]), ('b i - t w ii n', [0, 1]), ('o - s t r iy @', [1, 0]), ('h uh ng - g @ - r iy', [1, 0, 0]), ('a n d', [1]), ('s @@r - b iy @', [1, 0]), ('d i - t i@ - r iy @ - r ei t - i d', [0, 1, 0, 2, 0]), ('i n', [1]), ('dh ii', [0]), ('aa f - t @ - m aa th', [1, 0, 2]), ('o v', [1]), ('dh @', [0]), ('m ei', [1]), ('ou - v @ - th r ou', [2, 0, 1]), ('i n', [1]), ('n ai n - t ii n', [0, 1]), ('ou', [1]), ('th r ii', [1])]","('ou - v @ - th r ou', [1, 0, 2])"
9085,"[('h ii', [1]), ('w o z', [1]), ('dh uh s', [1]), ('@ - m uh ng', [0, 1]), ('dh @', [0]), ('l ii d - @ z', [1, 0]), ('o v', [1]), ('h @@r', [1]), ('ou - v @ - th r ou', [2, 0, 1]), ('b ai', [1]), ('dh @', [0]), ('jh e n - r @ lw', [1, 0]), ('l ou - g ou - t ii t', [0, 0, 1]), ('n ai - k e - f @ - r o s', [0, 1, 0, 0]), ('ai', [1]), ('o n', [1]), ('dh @', [0]), ('th @@r - t iy', [1, 0]), ('f @@r s t', [1]), ('o v', [1]), ('o k - t ou - b @', [0, 1, 0]), ('ei t', [1]), ('h uh n - d r @ d', [1, 0]), ('a n d', [1]), ('t uu', [1])]","('ou - v @ - th r ou', [1, 0, 2])"
9088,"[('h ii', [1]), ('b i - k ei m', [0, 1]), ('dh @', [0]), ('s o - v r i n', [1, 0]), ('o v', [1]), ('dh ii', [0]), ('i ng - g l i sh', [1, 0]), ('g uh - v @ - m @ n t', [1, 0, 0]), ('b ai', [1]), ('dh ii', [0]), ('ou - v @ - th r ou', [2, 0, 1]), ('o v', [1]), ('jh ei m z', [1]), ('i n', [1]), ('dh @', [0]), ('g l oo - r iy @ s', [1, 0]), ('r e - v @ - l uu - sh n!', [2, 0, 1, 0])]","('ou - v @ - th r ou', [1, 0, 2])"
9090,"[('dh @', [0]), ('n y uu', [1]), ('oo - g @ - n ai z - ei - sh n!', [2, 0, 0, 1, 0]), ('o - p @ - r ei t - i d', [1, 0, 2, 0]), ('ou - p @ n - l iy', [1, 0, 0]), ('a n d', [1]), ('h a d', [1]), ('p @ - l i - t i k - l!', [0, 1, 0, 0]), ('g ou lw z', [1]), ('dh @', [0]), ('v ai @ - l @ n t', [1, 0]), ('ou - v @ - th r ou', [2, 0, 1]), ('o v', [1]), ('r i - p uh - b l i k - @ n', [0, 1, 0, 0]), ('r uu lw', [1]), ('a n d', [1]), ('s @ - p r e - sh n!', [0, 1, 0]), ('o v', [1]), ('b l a k', [1]), ('v ou t - i ng', [1, 0])]","('ou - v @ - th r ou', [1, 0, 2])"
9093,"[('s @@r - b iy @', [1, 0]), ('h a d', [1]), ('b ii n', [1]), ('i n', [1]), ('ei', [1]), ('s t ei t', [1]), ('o v', [1]), ('p @ - l i - t i k - l!', [0, 1, 0, 0]), ('k r ai - s i s', [1, 0]), ('s i n s', [1]), ('dh ii', [0]), ('ou - v @ - th r ou', [2, 0, 1]), ('o v', [1]), ('dh @', [0]), ('p ou s t', [1]), ('k o - m y uw n - i s t', [1, 0, 0]), ('r uu l - @', [1, 0]), ('s l ou - b @ - d a n', [1, 0, 2]), ('m i - l @ - s e - v i k', [2, 0, 1, 0]), ('i n', [1]), ('t uu', [1]), ('th ow - z n! d', [1, 0]), ('w uh n', [1])]","('ou - v @ - th r ou', [1, 0, 2])"
9094,"[('h @@r', [1]), ('i n - @ - b i l - @ - t iy', [2, 0, 1, 0, 0]), ('t uu', [0]), ('p r @ - v ai d', [0, 1]), ('a n', [1]), ('eir', [1]), ('k @ n - t r i - b y uw t - i d', [0, 1, 0, 0]), ('t uu', [0]), ('dh ii', [0]), ('ou - v @ - th r ou', [2, 0, 1]), ('o v', [1]), ('h @@r', [1]), ('h uh z - b @ n d', [1, 0]), ('k i ng', [1]), ('o - t ou', [1, 0])]","('ou - v @ - th r ou', [1, 0, 2])"
9097,"[('aa f - t @', [1, 0]), ('dh ii', [0]), ('ou - v @ - th r ou', [2, 0, 1]), ('o v', [1]), ('dh @', [0]), ('k e - r @ n - s k iy', [1, 0, 0]), ('g uh - v @ - m @ n t', [1, 0, 0]), ('b ai', [1]), ('dh @', [0]), ('b o lw - sh @ - v i k s', [1, 0, 0]), ('h ii', [1]), ('b i - k ei m', [0, 1]), ('d i s - i - l uu - zh n! d', [2, 0, 1, 0]), ('w i dh', [1]), ('dh @', [0]), ('r e - v @ - l uu - sh n!', [2, 0, 1, 0])]","('ou - v @ - th r ou', [1, 0, 2])"
9102,"[('m @ n - g i - s t @ s', [0, 1, 0]), ('ou - v @ - th r ou', [2, 0, 1]), ('i n', [1]), ('m ei', [1]), ('n ai n - t ii n', [0, 1]), ('n ai n - t iy', [1, 0]), ('w uh n', [1]), ('k oo z d', [1]), ('ei', [1]), ('n uh m - b @', [1, 0]), ('o v', [1]), ('sh i f t s', [1])]","('ou - v @ - th r ou', [1, 0, 2])"
9103,"[('f o - l ou - i ng', [1, 0, 0]), ('dh ii', [0]), ('ou - v @ - th r ou', [2, 0, 1]), ('o v', [1]), ('dh @', [0]), ('b aa th - i s t', [0, 0]), ('g uh - v @ - m @ n t', [1, 0, 0]), ('o v', [1]), ('ai - r @ k', [1, 0]), ('jh e - b @ - r @', [1, 0, 0]), ('b i - g a n', [0, 1]), ('w @@r k - i ng', [1, 0]), ('w i dh', [1]), ('dh @', [0]), ('k ou @ - l i - sh n!', [0, 1, 0]), ('f oo s - i z', [1, 0])]","('ou - v @ - th r ou', [1, 0, 2])"
9105,"[('dh @', [0]), ('p o - p y uw - l @', [1, 0, 0]), ('y uu - n iy @ n', [1, 0]), ('w o z', [1]), ('i - s t a - b l i sh t', [0, 1, 0]), ('a z', [1]), ('ei', [1]), ('r i - z uh lw t', [0, 1]), ('o v', [1]), ('dh @', [0]), ('v ai @ - l @ n t', [1, 0]), ('ou - v @ - th r ou', [2, 0, 1]), ('o v', [1]), ('p r e - z i - d @ n t', [1, 0, 0]), ('w a n', [1]), ('p eir - r @ n', [1, 0]), ('o n', [1]), ('s e p - t e m - b @', [0, 1, 0]), ('n ai n - t ii n th', [0, 1]), ('n ai n - t ii n', [0, 1]), ('f i f - t iy', [1, 0]), ('f ai v', [1])]","('ou - v @ - th r ou', [1, 0, 2])"
9107,"[('b uh t', [1]), ('h ii', [1]), ('s t o p t', [1]), ('sh oo t', [1]), ('o v', [1]), ('k oo l - i ng', [1, 0]), ('f @', [0]), ('dh ii', [0]), ('ou - v @ - th r ou', [2, 0, 1]), ('o v', [1]), ('dh @', [0]), ('g uh - v @ - m @ n t', [1, 0, 0])]","('ou - v @ - th r ou', [1, 0, 2])"
9115,"[('d y ur - r i ng', [1, 0]), ('dh @', [0]), ('b o sh - i n', [1, 0]), ('w oo', [1]), ('h ii', [1]), ('w o z', [1]), ('ei', [1]), ('l ii d - @', [1, 0]), ('i n', [1]), ('dh @', [0]), ('s aa - g @', [1, 0]), ('f oo s - i z', [1, 0]), ('k @ - m i t - i d', [0, 1, 0]), ('t uu', [0]), ('dh ii', [0]), ('ou - v @ - th r ou', [2, 0, 1]), ('o v', [1]), ('dh @', [0]), ('t o - k y uw - g @ - w @', [1, 0, 0, 0]), ('sh o - g y uw - n ei t', [1, 0, 0])]","('ou - v @ - th r ou', [1, 0, 2])"
9119,"[('dh @', [0]), ('th r ii', [1]), ('h uh n - d r @ d', [1, 0]), ('f i f - t iy', [1, 0]), ('s e - k @ n d', [1, 0]), ('t e s', [1]), ('d i - p l oi d', [0, 1]), ('dh @', [0]), ('n e k s t', [1]), ('d ei', [1]), ('dh @', [0]), ('s i k - s t ii n th', [0, 1]), ('o v', [1]), ('jh u - l ai', [0, 1]), ('f i f - t iy', [1, 0]), ('ei t', [1]), ('t uu', [0]), ('s t a n d', [1]), ('b ai', [1]), ('d y ur - r i ng', [1, 0]), ('ei', [1]), ('p r e - z i - d e n - sh l!', [2, 0, 1, 0]), ('ou - v @ - th r ou', [2, 0, 1]), ('i n', [1]), ('l e - b @ - n @ n', [1, 0, 0])]","('ou - v @ - th r ou', [1, 0, 2])"
9124,"[('f ei s t', [1]), ('w i dh', [1]), ('dh @', [0]), ('p @ - t e n - sh l!', [0, 1, 0]), ('ou - v @ - th r ou', [2, 0, 1]), ('o v', [1]), ('dh @', [0]), ('d ei n - i sh', [1, 0]), ('m o - n @ k - iy', [1, 0, 0]), ('k r i s t - iy @ n', [1, 0]), ('e k s', [1]), ('b a k t', [1]), ('d ow n', [1]), ('a n d', [1]), ('d i - s m i s t', [0, 1]), ('h i z', [1]), ('ou n', [1]), ('g uh - v @ - m @ n t', [1, 0, 0])]","('ou - v @ - th r ou', [1, 0, 2])"
9128,"[('d i - s p ai t', [0, 1]), ('dh ii', [0]), ('ou - v @ - th r ou', [2, 0, 1]), ('o v', [1]), ('dh @', [0]), ('m o - n @ k - iy', [1, 0, 0]), ('i n', [1]), ('n ai n - t ii n', [0, 1]), ('s e - v n! - t ii n', [2, 0, 1]), ('dh @', [0]), ('f oo - m @', [1, 0]), ('d ow @ - jh @', [1, 0]), ('e m - p r i s', [1, 0]), ('m @ - r ii @', [0, 1]), ('a t', [1]), ('f @@r s t', [1]), ('r i - f y uu z d', [0, 1]), ('t uu', [0]), ('l ii v', [1]), ('r uh - sh @', [1, 0])]","('ou - v @ - th r ou', [1, 0, 2])"
9130,"[('o n', [1]), ('dh @', [0]), ('th @@r - t ii n th', [0, 1]), ('o v', [1]), ('n ou - v e m - b @', [0, 1, 0]), ('n ai n - t ii n', [0, 1]), ('s e - v n! - t iy', [1, 0, 0]), ('m i - n i - s t @', [1, 0, 0]), ('o v', [1]), ('d i - f e n s', [0, 1]), ('h ei - f e z', [1, 0]), ('a lw', [1]), ('@ - s a d', [0, 1]), ('s ii z d', [1]), ('p ow @', [1]), ('i n', [1]), ('ei', [1]), ('b l uh d - l @ s', [1, 0]), ('m i - l i - t r iy', [1, 0, 0]), ('ou - v @ - th r ou', [2, 0, 1]), ('dh @', [0]), ('k @ - r e k t - i v', [0, 1, 0]), ('m uu v - m @ n t', [1, 0])]","('ou - v @ - th r ou', [1, 0, 2])"
9131,"[('h ii', [1]), ('s @@r v d', [1]), ('a z', [1]), ('p r e - z i - d @ n t', [1, 0, 0]), ('o v', [1]), ('v e - n @ z - w ei - l @', [2, 0, 1, 0]), ('f o - l ou - i ng', [1, 0, 0]), ('dh ii', [0]), ('ou - v @ - th r ou', [2, 0, 1]), ('o v', [1]), ('m aa - k ou z', [1, 0]), ('p @ - r e z', [0, 1]), ('jh i - m @ - n e z', [2, 0, 1]), ('o n', [1]), ('dh @', [0]), ('t w e n - t iy', [1, 0]), ('th @@r d', [1]), ('o v', [1]), ('jh a - n y uw @ - r iy', [1, 0, 0]), ('n ai n - t ii n', [0, 1]), ('f i f - t iy', [1, 0]), ('ei t', [1])]","('ou - v @ - th r ou', [1, 0, 2])"
9135,"[('dh ii', [0]), ('@ - p ii lw', [0, 1]), ('t uu', [0]), ('ou lw d', [1]), ('f a - sh n! d', [1, 0]), ('v a - l y uu z', [1, 0]), ('k l ou k t', [1]), ('dh @', [0]), ('r a - d i - k @ lw', [1, 0, 0]), ('ou - v @ - th r ou', [2, 0, 1]), ('o v', [1]), ('dh @', [0]), ('r i - p uh - b l i k s', [0, 1, 0]), ('p aa - t i - s i - p ei t - @ - r iy', [0, 2, 0, 1, 0, 0]), ('p @ - l i - t i k - l!', [0, 1, 0, 0]), ('i n - s t i - t y uu - sh n! z', [2, 0, 1, 0]), ('b ai', [1]), ('t o p', [1]), ('d ow n', [1]), ('w uh n', [1]), ('m a n', [1]), ('r uu lw', [1])]","('ou - v @ - th r ou', [1, 0, 2])"
9138,"[('h ow - e - v @', [2, 1, 0]), ('dh ii', [0]), ('a k - ch uw @ lw', [1, 0]), ('ou - v @ - th r ou', [2, 0, 1]), ('w o z', [1]), ('l e d', [1]), ('b ai', [1]), ('ei', [1]), ('b @ - t a - l iy @ n', [0, 1, 0]), ('k @ - m aa n d - @', [0, 1, 0]), ('a b - d uh lw', [1, 0]), ('s a - l @ m', [1, 0]), ('a - r i f', [1, 0]), ('i n', [1]), ('dh @', [0]), ('n ai n - t ii n th', [0, 1]), ('i n - f @ n - t r iy', [1, 0, 0]), ('b r i - g ei d', [0, 1])]","('ou - v @ - th r ou', [1, 0, 2])"
9139,"[('s a d - l iy', [1, 0]), ('i t', [1]), ('s ii m z', [1]), ('dh a t', [1]), ('f @', [0]), ('h i m', [1]), ('k ou - n @ n z', [1, 0]), ('ou - v @ - th r ou', [2, 0, 1]), ('o v', [1]), ('d aa k', [1]), ('p r ii s t s', [1]), ('k ei m', [1]), ('t uu', [1]), ('l ei t', [1])]","('ou - v @ - th r ou', [1, 0, 2])"
9142,"[('f o - l ou - i ng', [1, 0, 0]), ('dh ii', [0]), ('ou - v @ - th r ou', [2, 0, 1]), ('o v', [1]), ('dh @', [0]), ('s uh lw - t @ n - ei t', [1, 0, 0]), ('i b', [1]), ('b @ - t y uu - t @', [0, 1, 0]), ('h a d', [1]), ('n ou', [1]), ('ch oi s', [1]), ('b uh t', [1]), ('t uu', [0]), ('l ii v', [1]), ('i n - d iy @', [1, 0])]","('ou - v @ - th r ou', [1, 0, 2])"
9143,"[('f o - l ou - i ng', [1, 0, 0]), ('dh @', [0]), ('g l oo - r iy @ s', [1, 0]), ('r e - v @ - l uu - sh n!', [2, 0, 1, 0]), ('a n d', [1]), ('dh ii', [0]), ('ou - v @ - th r ou', [2, 0, 1]), ('o v', [1]), ('jh ei m z', [1]), ('ai', [1]), ('dh @', [0]), ('d y uu k', [1]), ('h e lw d', [1]), ('e - d i m - b r @', [1, 0, 0]), ('k aa - s l!', [1, 0]), ('@ - g e n s t', [0, 1]), ('dh @', [0]), ('p r o - t i s t - @ n t', [1, 0, 0]), ('k @ n - v e n - sh n! - i s t s', [0, 1, 0, 0])]","('ou - v @ - th r ou', [1, 0, 2])"
9413,"[('dh @', [0]), ('f e n', [1]), ('d r ei n z', [1]), ('k u d', [1]), ('n o t', [1]), ('n a ch - r @ l - iy', [1, 0, 0]), ('d i s - ch aa jh', [1, 0]), ('i n - t uu', [1, 0]), ('v @@r - n @ t s', [1, 0]), ('d r ei n', [1])]","('d i s - ch aa jh', [0, 1])"
9415,"[('sh ii', [1]), ('@ b - z oo b z', [0, 1]), ('i - l e k - t r i s - @ - t iy', [0, 2, 1, 0, 0]), ('f r o m', [1]), ('h @@r', [1]), ('i n - v ai - r @ - m @ n t', [0, 1, 0, 0]), ('w i ch', [1]), ('sh ii', [1]), ('k a n', [1]), ('d i s - ch aa jh', [1, 0]), ('a z', [1]), ('p ow @ - f u lw', [1, 0]), ('i - l e k - t r i k', [0, 1, 0]), ('b l aa s t s', [1]), ('oo', [1]), ('y uu - t i l - ai z', [1, 0, 0]), ('a z', [1]), ('s uu - p @ - h y uu - m @ n', [2, 0, 1, 0]), ('s p ii d', [1])]","('d i s - ch aa jh', [0, 1])"
9432,"[('dh ei', [1]), ('oo lw', [1]), ('f l ou', [1]), ('n oo th - w e s t - w @ d', [3, 1, 0]), ('a n d', [1]), ('d i s - ch aa jh', [1, 0]), ('i n - t uu', [1, 0]), ('dh @', [0]), ('b oo lw - t i k', [1, 0]), ('s ii', [1])]","('d i s - ch aa jh', [0, 1])"
9436,"[('@ - p o n', [0, 1]), ('p r i - ch aa d z', [1, 0]), ('d i s - ch aa jh', [0, 1]), ('dh ei', [1]), ('s e t', [1]), ('uh p', [1]), ('r e - z i - d @ n s', [1, 0, 0]), ('a t', [1]), ('th r ii', [1]), ('th @@r - t iy', [1, 0]), ('d ei - v i s', [1, 0]), ('s t r ii t', [1]), ('i n', [1]), ('w o t', [1]), ('i z', [1]), ('n ow', [1]), ('p aa t', [1]), ('o v', [1]), ('@ - l ii - g @ n z', [0, 1, 0]), ('h i - s t o - r i k', [0, 1, 0]), ('d i - s t r i k t', [1, 0])]","('d i s - ch aa jh', [1, 0])"
9450,"[('e - n @ - m iy', [1, 0, 0]), ('a k t - i v - @ - t iy', [0, 1, 0, 0]), ('l e s - n! d', [1, 0]), ('aa f - t @', [1, 0]), ('t uu', [1]), ('ow @ z', [1]), ('a n d', [1]), ('p i@ s', [1]), ('w o z', [1]), ('oo - d @ d', [1, 0]), ('t uu', [0]), ('k l ou z', [1]), ('dh @', [0]), ('r ii f', [1]), ('t uu', [0]), ('r i - s ii v', [0, 1]), ('k a - zh uw @ lw - t iy z', [1, 0, 0]), ('a n d', [1]), ('d i s - ch aa jh', [1, 0]), ('k aa - g ou', [1, 0])]","('d i s - ch aa jh', [0, 1])"
9493,"[('a t', [1]), ('p r e - z n! t', [1, 0]), ('dh @', [0]), ('b r aa n ch - i z', [1, 0]), ('w oo lw', [1]), ('a n d', [1]), ('n e - d @ - r i n', [1, 0, 0]), ('l e k', [1]), ('d i s - ch aa jh', [1, 0]), ('t uu', [0]), ('dh @', [0]), ('n oo th', [1]), ('s ii', [1]), ('th r uu', [1]), ('dh @', [0]), ('f oo - m @', [1, 0]), ('m y uu z', [1]), ('e s - ch uw @ - r iy', [1, 0, 0]), ('n i@', [1]), ('r o - t @ - d a m', [1, 0, 2])]","('d i s - ch aa jh', [0, 1])"
9504,"[('dh @', [0]), ('r ei lw - w ei', [1, 3]), ('i z', [1]), ('s t i lw', [1]), ('o - p @ - r ei - sh n! - @ lw', [2, 0, 1, 0, 0]), ('t @ - d ei', [0, 1]), ('a n d', [1]), ('i z', [1]), ('ou n - l iy', [1, 0]), ('y uu s t', [1]), ('t uu', [0]), ('ai - dh @', [1, 0]), ('t r a n - s p oo t', [1, 0]), ('t i m - b @', [1, 0]), ('oo', [1]), ('h oo lw', [1]), ('t ur r - i s t s', [1, 0]), ('o n', [1]), ('s p e - sh l!', [1, 0]), ('@ - k ei - zh n! z', [0, 1, 0])]","('t r a n - s p oo t', [0, 1])"
9535,"[('dh @', [0]), ('g r uu p', [1]), ('h e lw p s', [1]), ('w i dh', [1]), ('f r ii', [1]), ('ch aa - t @', [1, 0]), ('f l ai t s', [1]), ('k a - r iy - i ng', [1, 0, 0]), ('r i - l ii f', [0, 1]), ('s @ - p l ai z', [0, 1]), ('l a n d', [1]), ('t r a n - s p oo t', [0, 1]), ('a z', [1]), ('w e lw', [1]), ('a z', [1]), ('m uh - n i - t r iy', [1, 0, 0]), ('d ou - n ei - sh n! z', [0, 1, 0])]","('t r a n - s p oo t', [1, 0])"
9543,"[('h ow - e - v @', [2, 1, 0]), ('h i z', [1]), ('t r a n - s p oo t', [0, 1]), ('i n - t uu', [1, 0]), ('s uh b - s p ei s', [1, 0]), ('w o z', [1]), ('i n - k @ m - p l ii t', [2, 0, 1]), ('a n d', [1]), ('ou n - l iy', [1, 0]), ('v e - r iy', [1, 0]), ('s m oo lw', [1]), ('p aa t s', [1]), ('o v', [1]), ('h i z', [1]), ('d aa - t @', [1, 0]), ('g o t', [1]), ('t r a p t', [1]), ('i n', [1]), ('m @ - s ai @', [0, 1])]","('t r a n - s p oo t', [1, 0])"
9586,"[('b r @ - z i lw', [0, 1]), ('o - f @ d', [1, 0]), ('g i - t iy - r e z', [2, 0, 1]), ('@ - s ai - l @ m', [0, 1, 0]), ('a n d', [1]), ('@ - r ei n jh d', [0, 1]), ('eir', [1]), ('t r a n - s p oo t', [0, 1]), ('ow t', [1]), ('o v', [1]), ('e - k y uw - d oo', [1, 0, 0]), ('f @', [0]), ('dh @', [0]), ('f oo - m @', [1, 0]), ('p r e - z i - d @ n t', [1, 0, 0])]","('t r a n - s p oo t', [1, 0])"
11111,"[('oo lw - s ou', [1, 0]), ('dh @', [0]), ('s ei m', [1]), ('y i@', [1]), ('h i z', [1]), ('b r uh - dh @', [1, 0]), ('n ii d - i d', [1, 0]), ('h i z', [1]), ('s e - k @ n d', [1, 0]), ('k i d - n iy', [1, 0]), ('i m - p l aa n t', [0, 1]), ('a n d', [1]), ('h i z', [1]), ('ou lw d - @', [1, 0]), ('s i - s t @', [1, 0]), ('d ai d', [1]), ('f r o m', [1]), ('k a n - s @', [1, 0])]","('i m - p l aa n t', [1, 0])"
11113,"[('dh @', [0]), ('n y uu', [1]), ('k o - l i jh', [1, 0]), ('o v', [1]), ('d e n - t i - s t r iy', [1, 0, 0]), ('h a z', [1]), ('n ei m d', [1]), ('i t s', [1]), ('p i@ - r iy @ - d o n - t l!', [2, 0, 1, 0]), ('a n d', [1]), ('i m - p l aa n t', [0, 1]), ('d e n - t i - s t r iy', [1, 0, 0]), ('p ou s t - g r a - jh uw @ t', [0, 1, 0]), ('k l i - n i k - l!', [1, 0, 0]), ('w i ng', [1]), ('i n', [1]), ('h i z', [1]), ('o - n @', [1, 0])]","('i m - p l aa n t', [1, 0])"
11116,"[('p r @ - f e - s @', [0, 1, 0]), ('a n - t @ - n iy', [1, 0, 0]), ('m o lw - t ii - n ou', [0, 1, 0]), ('d i - v e - l @ p t', [0, 1, 0]), ('dh @', [0]), ('f @@r s t', [1]), ('g l oo - k ou - m @', [0, 1, 0]), ('d r ei n - i jh', [1, 0]), ('i m - p l aa n t', [0, 1]), ('i n', [1]), ('k ei p', [1]), ('t ow n', [1]), ('i n', [1]), ('n ai n - t ii n', [0, 1]), ('s i k - s t iy', [1, 0]), ('s i k s', [1])]","('i m - p l aa n t', [1, 0])"
11119,"[('b e - l iy', [1, 0]), ('w o z', [1]), ('r e - p r i - z e n t - i ng', [2, 0, 1, 0]), ('ei t', [1]), ('h uh n - d r @ d', [1, 0]), ('w i - m i n', [1, 0]), ('i n', [1]), ('ei', [1]), ('k l aa s', [1]), ('a k - sh n!', [1, 0]), ('l oo - s uu t', [1, 3]), ('@ - g e n s t', [0, 1]), ('b r e s t', [1]), ('i m - p l aa n t', [0, 1]), ('m a - n y uw - f a k - ch @ r - @', [2, 0, 1, 0, 0]), ('d ow', [1]), ('k oo n - i ng', [1, 0])]","('i m - p l aa n t', [1, 0])"
11123,"[('i n', [1]), ('t uu', [1]), ('th ow - z n! d', [1, 0]), ('ei t', [1]), ('h ii', [1]), ('s e t', [1]), ('uh p', [1]), ('dh @', [0]), ('m e - d i - k @ lw', [1, 0, 0]), ('t e k - n o - l @ - jh iy', [0, 1, 0, 0]), ('s t aa - t @ p', [1, 0]), ('s i n - t @ l - i k s', [1, 0, 0]), ('w i ch', [1]), ('d i - v e - l @ p s', [0, 1, 0]), ('a n d', [1]), ('m a - n y uw - f a k - ch @ z', [2, 0, 1, 0]), ('ei', [1]), ('b ai @ - d i - g r a d - @ - b l!', [1, 0, 2, 0, 0]), ('i m - p l aa n t', [0, 1]), ('t uu', [0]), ('k y ur', [1]), ('f r a k - ch @ z', [1, 0])]","('i m - p l aa n t', [1, 0])"
11126,"[('dh @', [0]), ('z ai - g ou - m @', [0, 1, 0]), ('i m - p l aa n t', [0, 1]), ('i z', [1]), ('@ - v ei l - @ - b l!', [0, 1, 0, 0]), ('i n', [1]), ('l e ng th s', [1]), ('r ei n jh - i ng', [1, 0]), ('f r o m', [1]), ('th @@r - t iy', [1, 0]), ('t uu', [0]), ('f i f - t iy', [1, 0]), ('t uu', [1]), ('p oi n t', [1]), ('f ai v', [1]), ('e m', [1])]","('i m - p l aa n t', [1, 0])"
11140,"[('dh @', [0]), ('p r o s - th e - t i k', [0, 1, 0]), ('k a n', [1]), ('b ii', [1]), ('k @ n - t r ou lw d', [0, 1]), ('b ai', [1]), ('dh @', [0]), ('b r ei n', [1]), ('y uu z - i ng', [1, 0]), ('ei', [1]), ('d ai - r e k t', [0, 1]), ('i m - p l aa n t', [0, 1]), ('oo', [1]), ('i m - p l aa n t', [0, 1]), ('i n - t uu', [1, 0]), ('v eir - r iy @ s', [1, 0]), ('m uh - s l! z', [1, 0])]","('i m - p l aa n t', [1, 0])"
11149,"[('w u lw f', [1]), ('i z', [1]), ('d i - s t i ng - g w i sh t', [0, 1, 0]), ('b ai', [1]), ('ei', [1]), ('s k aa', [1]), ('r uh n - i ng', [1, 0]), ('th r uu', [1]), ('h i z', [1]), ('ai', [1]), ('a n d', [1]), ('ei', [1]), ('s i lw - v @', [1, 0]), ('s ai - b @ - n e - t i k', [2, 0, 1, 0]), ('ai', [1]), ('i m - p l aa n t', [0, 1])]","('i m - p l aa n t', [1, 0])"
11159,"[('r i s k', [1]), ('f a k - t @ z', [1, 0]), ('i n', [1]), ('i m - p l aa n t', [0, 1]), ('d e n - t i - s t r iy', [1, 0, 0]), ('s i m - p l i - f ai d', [1, 0, 0]), ('k l i - n i k - l!', [1, 0, 0]), ('@ - n a - l @ - s i s', [0, 1, 0, 0]), ('f @', [0]), ('p r i - d i k - t @ - b l!', [0, 1, 0, 0]), ('t r ii t - m @ n t', [1, 0])]","('i m - p l aa n t', [1, 0])"
11167,"[('i n', [1]), ('n ai n - t ii n', [0, 1]), ('n ai n - t iy', [1, 0]), ('w uh n', [1]), ('h ii', [1]), ('d i - v e - l @ p t', [0, 1, 0]), ('ei', [1]), ('t e k - n ii k', [0, 1]), ('f @', [0]), ('i@', [1]), ('r ii - k @ n - s t r uh k - sh n!', [2, 0, 1, 0]), ('y uu - t i l - ai z - i ng', [1, 0, 2, 0]), ('ei', [1]), ('p oo r - @ s', [1, 0]), ('p @ - l ai @ - th l ii n', [0, 1, 0]), ('i m - p l aa n t', [0, 1])]","('i m - p l aa n t', [1, 0])"
11176,"[('s e - k @ n d - @ - r iy', [1, 0, 0, 0]), ('i m - p l @ n t - ei - sh n!', [2, 0, 1, 0]), ('o v', [1]), ('ai @ lw', [1]), ('p l ei s - m @ n t', [1, 0]), ('o v', [1]), ('ei', [1]), ('l e n z', [1]), ('i m - p l aa n t', [0, 1]), ('a z', [1]), ('ei', [1]), ('s e - k @ n d', [1, 0]), ('o - p @ - r ei - sh n!', [2, 0, 1, 0]), ('m ei', [1]), ('b ii', [1]), ('k @ n - s i - d @ d', [0, 1, 0]), ('l ei t - @', [1, 0])]","('i m - p l aa n t', [1, 0])"
11181,"[('dh @', [0]), ('r e - t i - n @', [1, 0, 0]), ('i m - p l aa n t', [0, 1]), ('a g', [1]), ('d i - v ai s', [0, 1]), ('k @ n - t ei n z', [0, 1]), ('f i f - t ii n', [0, 1]), ('h uh n - d r @ d', [1, 0]), ('m ai - k r @ - f ou - t @ - d ai d - i z', [2, 0, 2, 0, 1, 0]), ('@ - l ow - i ng', [0, 1, 0]), ('f @', [0]), ('i n - k r ii s t', [0, 1]), ('s p ei - sh l!', [1, 0]), ('r e - z @ - l uu - sh n!', [2, 0, 1, 0]), ('b uh t', [1]), ('r i - k w ai @ z', [0, 1]), ('a n', [1]), ('i k - s t @@r - n l!', [0, 1, 0]), ('p ow @', [1]), ('s oo s', [1])]","('i m - p l aa n t', [1, 0])"
11182,"[('k @ m - p l ii t', [0, 1]), ('i m - p l aa n t', [0, 1]), ('v a - s k y uw - l @ r - ai z - ei - sh n!', [2, 0, 0, 0, 1, 0]), ('r i - d y uu s - i z', [0, 1, 0]), ('dh @', [0]), ('r i s k', [1]), ('o v', [1]), ('i n - f e k - sh n!', [0, 1, 0]), ('i k - s t r uu - zh n!', [0, 1, 0]), ('a n d', [1]), ('uh - dh @', [1, 0]), ('k o m - p l i - k ei - sh n! z', [2, 0, 1, 0]), ('@ - s ou - s iy - ei t - i d', [0, 1, 0, 2, 0]), ('w i dh', [1]), ('n @ - n i n - t i - g r ei t - i d', [0, 1, 0, 2, 0]), ('i m - p l aa n t s', [1, 0])]","('i m - p l aa n t', [1, 0])"
11187,"[('t uu', [0]), ('p r i - v e n t', [0, 1]), ('dh ii z', [1]), ('k o m - p l i - k ei - sh n! z', [2, 0, 1, 0]), ('a n', [1]), ('i m - p l aa n t', [0, 1]), ('m ei d', [1]), ('ow t', [1]), ('o v', [1]), ('a - l @ - p l a - s t i k', [2, 0, 1, 0]), ('m @ - t i@ - r iy @ lw', [0, 1, 0]), ('k u d', [1]), ('b ii', [1]), ('k @ n - s i - d @ d', [0, 1, 0])]","('i m - p l aa n t', [1, 0])"
11188,"[('dh eir', [1]), ('k ou d', [1]), ('f @ - b i d z', [0, 1]), ('dh e m', [1]), ('t uu', [0]), ('h a v', [1]), ('dh @', [0]), ('r e - k w i - z i t', [1, 0, 0]), ('i m - p l aa n t', [0, 1]), ('oo', [1]), ('t uu', [0]), ('s e lw', [1]), ('m e - m @ - r iy z', [1, 0, 0])]","('i m - p l aa n t', [1, 0])"
11189,"[('dh @', [0]), ('k r i - s t l! - ai n', [1, 0, 0]), ('l e n z', [1]), ('k a p s - y uu lw', [1, 0]), ('i z', [1]), ('r i - t ei n d', [0, 1]), ('a n d', [1]), ('y uu s t', [1]), ('t uu', [0]), ('k @ n - t ei n', [0, 1]), ('a n d', [1]), ('p @ - z i - sh n!', [0, 1, 0]), ('dh ii', [0]), ('i n - t r @ - o - k y uw - l @', [2, 0, 1, 0, 0]), ('l e n z', [1]), ('i m - p l aa n t', [0, 1]), ('ai @ lw', [1])]","('i m - p l aa n t', [1, 0])"
11190,"[('dh @', [0]), ('g r a - jh uw @ t', [1, 0]), ('r e - z i - d @ n - s iy', [1, 0, 0, 0]), ('p r ou - g r a m', [1, 0]), ('o - f @ z', [1, 0]), ('t r ei n - i ng', [1, 0]), ('i n', [1]), ('p i@ - r iy @ - d o n - t o - l @ - jh iy', [2, 0, 0, 1, 0, 0]), ('a n d', [1]), ('i m - p l aa n t', [0, 1]), ('d e n - t i - s t r iy', [1, 0, 0])]","('i m - p l aa n t', [1, 0])"
11195,"[('m i l - @ z', [1, 0]), ('ou n', [1]), ('g r a n d - m uh - dh @', [1, 2, 0]), ('g r ei s', [1]), ('sh uu - m ei k - @', [1, 0, 0]), ('w o z', [1]), ('dh @', [0]), ('f @@r s t', [1]), ('r i - s i - p iy @ n t', [0, 1, 0]), ('o v', [1]), ('ei', [1]), ('b ai @ - m i t', [1, 0]), ('h i p', [1]), ('i m - p l aa n t', [0, 1])]","('i m - p l aa n t', [1, 0])"
11379,"[('b ii - i ng', [1, 0]), ('jh ou - b l @ s', [1, 0]), ('h i z', [1]), ('b r uh - dh @ z', [1, 0]), ('a n d', [1]), ('dh eir', [1]), ('w ai v z', [1]), ('i n - s uh lw t', [1, 0]), ('h i m', [1]), ('o f - t @ n', [1, 0]), ('a n d', [1]), ('m ei k', [1]), ('h i m', [1]), ('t uu', [0]), ('d uu', [1]), ('r uu th - l @ s', [1, 0]), ('w @@r k s', [1]), ('f @', [0]), ('dh eir', [1]), ('s aa - k ei', [1, 0])]","('i n - s uh lw t', [0, 1])"
11451,"[('dh a t', [1]), ('n ou', [1]), ('k r i s t - iy @ n', [1, 0]), ('sh u d', [1]), ('e n - t @', [1, 0]), ('dh @', [0]), ('h ow s', [1]), ('o v', [1]), ('ei', [1]), ('m uh z - l i m', [1, 0]), ('oo', [1]), ('i n - s uh lw t', [1, 0]), ('h i m', [1]), ('i n', [1]), ('e - n iy', [1, 0]), ('w ei', [1])]","('i n - s uh lw t', [0, 1])"
11453,"[('b uh t', [1]), ('h ii', [1]), ('oo lw - s ou', [1, 0]), ('d i - s p l ei z', [0, 1]), ('jh e - n y uw - i n', [1, 0, 0]), ('k uh - r i jh', [1, 0]), ('r i - b y uu k - i ng', [0, 1, 0]), ('i n - s @ - l @ n t', [1, 0, 0]), ('t r a - v l! - @ z', [1, 0, 0]), ('h uu', [1]), ('i n - s uh lw t', [1, 0]), ('jh e - s iy z', [1, 0]), ('o - n @', [1, 0])]","('i n - s uh lw t', [0, 1])"
11459,"[('n ou t', [1]), ('k @ n - s t r uh k t - i v', [0, 1, 0]), ('k r i - t i s - i - z m!', [1, 0, 2, 0]), ('sh u d', [1]), ('b ii', [1]), ('b ei s t', [1]), ('o n', [1]), ('l o - jh i k', [1, 0]), ('a n d', [1]), ('r ii - z n!', [1, 0]), ('a n d', [1]), ('v oi d', [1]), ('o v', [1]), ('i n - s uh lw t', [0, 1]), ('h y uw - m i - l iy - ei - sh n!', [0, 2, 0, 1, 0]), ('a n d', [1]), ('d e - t r i - m e n t - l!', [2, 0, 1, 0]), ('i - f e k t s', [0, 1])]","('i n - s uh lw t', [1, 0])"
11465,"[('dh ei', [1]), ('p l o t', [1]), ('t uu', [0]), ('h a v', [1]), ('m a - s iy', [1, 0]), ('i n - s uh lw t', [1, 0]), ('l oo - n @', [1, 0]), ('s ou', [1]), ('dh a t', [1]), ('dh ei', [1]), ('k a n', [1]), ('sh uu t', [1]), ('k ou lw t', [1]), ('w e n', [1]), ('h ii', [1]), ('g ou z', [1]), ('t uu', [0]), ('d i - f e n d', [0, 1]), ('h @@r', [1])]","('i n - s uh lw t', [0, 1])"
12097,"[('dh @', [0]), ('m oo', [1]), ('p @ - l ai t', [0, 1]), ('i n - v @@r t', [1, 0]), ('@ - p i@ z', [0, 1]), ('a z', [1]), ('w e lw', [1])]","('i n - v @@r t', [0, 1])"
12099,"[('h ai - d r ou - l @ - s i s', [0, 1, 0, 0]), ('o v', [1]), ('s uh - k r ou z', [1, 0]), ('g i v z', [1]), ('ei', [1]), ('m i k s - ch @', [1, 0]), ('k oo lw d', [1]), ('i n - v @@r t', [0, 1]), ('sh u - g @', [1, 0]), ('w i ch', [1]), ('i z', [1]), ('s w ii t - @', [1, 0]), ('a n d', [1]), ('i z', [1]), ('oo lw - s ou', [1, 0]), ('ei', [1]), ('k o - m @ n', [1, 0]), ('k @ - m @@r - sh l!', [0, 1, 0]), ('i ng - g r ii - d iy @ n t', [0, 1, 0])]","('i n - v @@r t', [1, 0])"
12106,"[('m o n - t iy', [1, 0]), ('k aa - l ou', [1, 0]), ('s i - m y uw - l ei - sh n! z', [2, 0, 1, 0]), ('i n - v @@r t', [1, 0]), ('dh i s', [1]), ('@ - p r ou ch', [0, 1]), ('s o lw v - i ng', [1, 0]), ('d i - t @@r - m i n - i s t - i k', [0, 2, 0, 1, 0]), ('p r o - b l @ m z', [1, 0]), ('y uu z - i ng', [1, 0]), ('ei', [1]), ('p r o - b @ - b i l - i s t - i k', [2, 0, 0, 1, 0]), ('a - n @ - l o g', [1, 0, 0]), ('s ii', [1]), ('s i - m y uw - l ei t - i d', [1, 0, 2, 0]), ('@ - n ii l - i ng', [0, 1, 0])]","('i n - v @@r t', [0, 1])"
12107,"[('s uu n', [1]), ('aa f - t @', [1, 0]), ('i d', [1]), ('s o f t - w eir', [1, 3]), ('r i - l ii s t', [0, 1]), ('k w ei k', [1]), ('w i ch', [1]), ('i n - t r @ - d y uu s t', [2, 0, 1]), ('dh ii', [0]), ('i n - v @@r t', [1, 0]), ('f ii - ch @', [1, 0]), ('a z', [1]), ('y uu z - @ z', [1, 0]), ('n ow', [1]), ('n ou', [1]), ('i t', [1])]","('i n - v @@r t', [0, 1])"
12110,"[('a n', [1]), ('i n - v @@r t - i d', [0, 1, 0]), ('k a - r i k - t @', [1, 0, 0]), ('i z', [1]), ('m aa k t', [1]), ('w i dh', [1]), ('ei', [1]), ('s e t', [1]), ('i n - v @@r t', [0, 1]), ('b i t', [1])]","('i n - v @@r t', [1, 0])"
12129,"[('i n', [1]), ('dh @', [0]), ('k w e s - ch @ n', [1, 0]), ('dh ii z', [1]), ('t uu', [1]), ('e - l @ - m @ n t s', [1, 0, 0]), ('ch ei n jh', [1]), ('p l ei s - i z', [1, 0]), ('i n - v @@r t', [1, 0])]","('i n - v @@r t', [0, 1])"
12130,"[('jh a m', [1]), ('w e n', [1]), ('m ei d', [1]), ('p r @ - d y uu s - i z', [0, 1, 0]), ('i n - v @@r t', [0, 1]), ('sh u - g @', [1, 0]), ('d y ur - r i ng', [1, 0]), ('i k - s t e n s - i v', [0, 1, 0]), ('h ii t - i ng', [1, 0]), ('uh n - d @', [1, 0]), ('dh ii', [0]), ('a k - sh n!', [1, 0]), ('o v', [1]), ('dh ii', [0]), ('a - s i d', [1, 0]), ('i n', [1]), ('dh @', [0]), ('f r uu t', [1])]","('i n - v @@r t', [1, 0])"
12131,"[('k @ - m @@r - sh l! - iy', [0, 1, 0, 0]), ('i n - v @@r t', [0, 1]), ('sh u - g @', [1, 0]), ('i z', [1]), ('p r i - p eir d', [0, 1]), ('a z', [1]), ('ei', [1]), ('s i - r @ p', [1, 0]), ('o v', [1]), ('@ - b ow t', [0, 1]), ('s e - v n! - t iy', [1, 0, 0]), ('p @ - s e n t', [0, 1]), ('s o - l y uu - b l!', [1, 0, 0]), ('s o - l i d z', [1, 0]), ('k o n - s n! - t r ei - sh n!', [2, 0, 1, 0])]","('i n - v @@r t', [1, 0])"
12134,"[('i n', [1]), ('k o n - t r aa s t', [1, 0]), ('t uu', [0]), ('b i - t @ z', [1, 0]), ('dh ei', [1]), ('h a v', [1]), ('ei', [1]), ('h ai @', [1]), ('sh u - g @', [1, 0]), ('k o n - t e n t', [1, 0]), ('i k - s p r e s t', [0, 1]), ('a z', [1]), ('i n - v @@r t', [0, 1]), ('sh u - g @', [1, 0])]","('i n - v @@r t', [1, 0])"
12143,"[('dh @', [0]), ('f @@r s t', [1]), ('d y uu - p l i - k @ t - i v', [1, 0, 0, 0]), ('t r a n - s p @ z - i - sh n!', [2, 0, 1, 0]), ('@ - k @@r d', [0, 1]), ('@ - b ow t', [0, 1]), ('w uh n', [1]), ('t uu', [1]), ('m ai @', [1]), ('w i dh', [1]), ('ei', [1]), ('s e - k @ n d', [1, 0]), ('l aa jh - @', [1, 0]), ('jh @ - n o - m i k', [0, 1, 0]), ('s ii - k w @ n s', [1, 0]), ('i n - v @@r t', [0, 1]), ('@ - k @@r r - i ng', [0, 1, 0]), ('ei t', [1]), ('h uh n - d r @ d', [1, 0]), ('a n d', [1]), ('ei - t iy', [1, 0]), ('z i@ - r ou', [1, 0]), ('z i@ - r ou', [1, 0]), ('z i@ - r ou', [1, 0]), ('y ei', [1])]","('i n - v @@r t', [1, 0])"
12151,"[('n i - g @ t - i ng', [1, 0, 0]), ('ei', [1]), ('t uu z', [1]), ('k o m - p l i - m e n t', [1, 0, 0]), ('n uh m - b @', [1, 0]), ('i z', [1]), ('s i m - p l!', [1, 0]), ('i n - v @@r t', [1, 0]), ('oo lw', [1]), ('dh @', [0]), ('b i t s', [1]), ('a n d', [1]), ('a d', [1]), ('w uh n', [1]), ('t uu', [0]), ('dh @', [0]), ('r i - z uh lw t', [0, 1])]","('i n - v @@r t', [0, 1])"
12156,"[('n e k s t', [1]), ('i n - v @@r t', [1, 0]), ('dh @', [0]), ('s l ai d', [1]), ('k uh - v @ - s l i p', [1, 0, 2]), ('s t a k', [1]), ('a n d', [1]), ('r i - m uu v', [0, 1]), ('dh @', [0]), ('m ai - k r @ - s k ou p', [1, 0, 2]), ('s l ai d', [1]), ('f r o m', [1]), ('jh e lw', [1])]","('i n - v @@r t', [0, 1])"
12160,"[('sh ii', [1]), ('f ow n d', [1]), ('dh a t', [1]), ('a k t - @ z', [1, 0]), ('t i p - i - k l iy', [1, 0, 0]), ('a d', [1]), ('d r o p', [1]), ('oo', [1]), ('i n - v @@r t', [1, 0]), ('s i ng - g l!', [1, 0]), ('w @@r d z', [1])]","('i n - v @@r t', [0, 1])"
12162,"[('dh @', [0]), ('p r uu f', [1]), ('r uh f - l iy', [1, 0]), ('g ou z', [1]), ('a z', [1]), ('b i - l ou', [0, 1]), ('i n - v @@r t', [1, 0]), ('w i dh', [1]), ('r i - s p e k t', [0, 1]), ('t uu', [0]), ('dh ii', [0]), ('i n - s @@r - k l!', [0, 1, 0]), ('o v', [1]), ('t r ai - a ng - g l!', [1, 0, 0]), ('a b k', [1])]","('i n - v @@r t', [0, 1])"
12907,"[('f y uu - e n t s', [1, 0]), ('ch uu z - i z', [1, 0]), ('t uu', [0]), ('m i s - l ii d', [0, 1]), ('h i z', [1]), ('oo - d iy @ n s', [1, 0]), ('a t', [1]), ('dh @', [0]), ('b i - g i n - i ng', [0, 1, 0]), ('o v', [1]), ('dh @', [0]), ('f i lw m', [1]), ('b ai', [1]), ('f a - b r i k - ei t - i ng', [1, 0, 2, 0]), ('ei', [1]), ('s t oo - r iy', [1, 0]), ('dh a t', [1]), ('w i lw', [1]), ('i n - t r ii g', [1, 0]), ('oo - d iy @ n s - i z', [1, 0, 0])]","('i n - t r ii g', [0, 1])"
12948,"[('w e n', [1]), ('i t', [1]), ('k uh m z', [1]), ('t uu', [0]), ('i n - t r ii g', [0, 1]), ('dh ii z', [1]), ('g ai z', [1]), ('m ei k', [1]), ('i t', [1]), ('w ei', [1]), ('ow t - t r ii g', [3, 1])]","('i n - t r ii g', [1, 0])"
12968,"[('h ii', [1]), ('sh ou d', [1]), ('h i m - s e lw f', [3, 1]), ('i n - k ei - p @ - b l!', [0, 1, 0, 0]), ('h ow - e - v @', [2, 1, 0]), ('g i v - i ng', [1, 0]), ('h i m - s e lw f', [3, 1]), ('uh p', [1]), ('t uu', [0]), ('p l e - zh', [1, 0]), ('a n d', [1]), ('f ei t s', [1]), ('a n d', [1]), ('r i - t @@r n d', [0, 1]), ('t uu', [0]), ('f r aa n s', [1]), ('t uu', [0]), ('i n - t r ii g', [1, 0]), ('@ - g e n s t', [0, 1]), ('m a - z @ - r i n', [1, 0, 0])]","('i n - t r ii g', [0, 1])"
12971,"[('w ai lw', [1]), ('dh @', [0]), ('k r ii - ch @ z', [1, 0]), ('i n - t r ii g', [1, 0]), ('n a n - s iy', [1, 0]), ('ch aa - l iy', [1, 0]), ('k @ n - t i - n y uw @ l - iy', [0, 1, 0, 0]), ('a k t s', [1]), ('w i dh', [1]), ('f i@', [1]), ('a n d', [1]), ('r i - z i s t - @ n s', [0, 1, 0])]","('i n - t r ii g', [0, 1])"
12983,"[('i - n uh f', [0, 1]), ('o v', [1]), ('h i z', [1]), ('p i k - t oo - r iy @ lw', [0, 1, 0]), ('r e - k oo d', [1, 0]), ('r i - m ei n d', [0, 1]), ('h ow - e - v @', [2, 1, 0]), ('t uu', [0]), ('i n - t r ii g', [1, 0]), ('dh @', [0]), ('l @@r n d', [1]), ('s a - v n! t s', [1, 0])]","('i n - t r ii g', [0, 1])"
14488,"[('jh e - f iy', [1, 0]), ('k a n', [1]), ('oo lw - s ou', [1, 0]), ('i m - p oo t', [1, 0]), ('d aa - t @', [1, 0]), ('t uu', [0]), ('s ou - sh l!', [1, 0]), ('n e t - w @@r k s', [1, 3]), ('oo lw - s ou', [1, 0]), ('f ei s - b u k', [1, 3]), ('oo', [1]), ('t w i - t @', [1, 0]), ('a n d', [1]), ('jh e - n @ - r ei t', [1, 0, 0]), ('ei', [1]), ('g r aa f', [1]), ('a n d', [1]), ('k l uh - s t @ z', [1, 0])]","('i m - p oo t', [0, 1])"
14495,"[('b ou th', [1]), ('dh @', [0]), ('h aa - w e lw', [1, 0]), ('b uu - i ng', [1, 0]), ('a n d', [1]), ('m ei - t r i k s', [1, 0]), ('m aa - k i t', [1, 0]), ('f @ - m a t s', [0, 1]), ('aa', [1]), ('s @ - p oo t - i d', [0, 1, 0]), ('t uu', [0]), ('i m - p oo t', [1, 0]), ('a n d', [1]), ('e k - s p oo t', [1, 0]), ('y uu z - @', [1, 0]), ('d aa - t @', [1, 0])]","('i m - p oo t', [0, 1])"
14501,"[('o n', [1]), ('dh ii', [0]), ('i - l e - v n! th', [0, 1, 0]), ('o v', [1]), ('d i - s e m - b @', [0, 1, 0]), ('i n', [1]), ('a n', [1]), ('uh n - p r e - s i - d e n t - i d', [0, 1, 0, 2, 0]), ('d i - s i - zh n!', [0, 1, 0]), ('dh @', [0]), ('k o n - s t i - t y uu - sh n! - @ lw', [2, 0, 1, 0, 0]), ('k oo t', [1]), ('d i - s ai d - i d', [0, 1, 0]), ('t uu', [0]), ('r ii - k ow n t', [3, 1]), ('oo lw', [1]), ('w uh n', [1]), ('h uh n - d r @ d', [1, 0]), ('th @@r - t iy', [1, 0]), ('ei t', [1]), ('th ow - z n! d', [1, 0]), ('f oo', [1]), ('h uh n - d r @ d', [1, 0]), ('a n d', [1]), ('s e - v n! - t iy', [1, 0, 0]), ('s i k s', [1]), ('i n - v a - l i d', [0, 1, 0]), ('v ou t s', [1])]","('r ii - k ow n t', [1, 0])"
14515,"[('v i - l @ - n @', [1, 0, 0]), ('d ai @ g - n ou z - i z', [0, 1, 0]), ('i t', [1]), ('a z', [1]), ('dh @', [0]), ('s ai n', [1]), ('o v', [1]), ('ei', [1]), ('r i - f ai n d', [0, 1]), ('h @@r - m i t', [1, 0]), ('t r ai - i ng', [1, 0]), ('t uu', [0]), ('h ai d', [1]), ('h i z', [1]), ('h ai - p @', [1, 0]), ('s e n - s @ - t i v - @ - t iy', [2, 0, 1, 0, 0]), ('a n d', [1]), ('r i - p r e s t', [0, 1]), ('d i - z ai @', [0, 1]), ('f @', [0]), ('l uh v', [1])]","('d ai @ g - n ou z - i z', [1, 0, 0])"
14563,"[('ou - v @ - s t o k t', [2, 0, 1]), ('s t a n d z', [1]), ('o v', [1]), ('t r ii z', [1]), ('i n - k r ii s', [1, 0]), ('dh @', [0]), ('r i s k', [1]), ('o v', [1]), ('k a - t @ - s t r o - f i k', [2, 0, 1, 0]), ('w ai lw d - f ai @ z', [1, 3]), ('a n d', [1]), ('d a - m i jh', [1, 0]), ('d y uu', [1]), ('t uu', [0]), ('i n - s e k t s', [1, 0]), ('d i - z ii z', [0, 1]), ('a n d', [1]), ('d r ow t', [1])]","('i n - k r ii s', [0, 1])"
14953,"[('dh eir', [1]), ('h a v', [1]), ('b ii n', [1]), ('d i - s k uh - sh n! z', [0, 1, 0]), ('@ - r ow n d', [0, 1]), ('dh eir', [1]), ('i n - v ai t', [0, 1]), ('ou n - l iy', [1, 0]), ('m e m - b @ - sh i p', [1, 0, 2]), ('s i - s t @ m', [1, 0]), ('w i ch', [1]), ('h a z', [1]), ('k oo z d', [1]), ('s uh m', [1]), ('k @ n - t r o - v @ - s iy', [0, 1, 0, 0])]","('i n - v ai t', [1, 0])"
14955,"[('dh @', [0]), ('d ii lw', [1]), ('i n - k l uu d - i d', [0, 1, 0]), ('a n', [1]), ('i n - v ai t', [0, 1]), ('t uu', [0]), ('m ei - jh @', [1, 0]), ('l ii g', [1]), ('s p r i ng', [1]), ('t r ei n - i ng', [1, 0])]","('i n - v ai t', [1, 0])"
15059,"[('dh @', [0]), ('s k ei l - i ng', [1, 0]), ('f uh ng k - sh n!', [1, 0]), ('f i lw - t @ z', [1, 0]), ('dh @', [0]), ('l ou - i s t', [1, 0]), ('l e - v l!', [1, 0]), ('o v', [1]), ('dh @', [0]), ('t r a n s - f oo m', [0, 1]), ('a n d', [1]), ('i n - sh ur z', [0, 1]), ('oo lw', [1]), ('dh @', [0]), ('s p e k - t r @ m', [1, 0]), ('i z', [1]), ('k uh - v @ d', [1, 0])]","('t r a n s - f oo m', [1, 0])"
15060,"[('dh i s', [1]), ('t r a n s - f oo m', [0, 1]), ('i z', [1]), ('p r @ - p ou z d', [0, 1]), ('i n', [1]), ('oo - d @', [1, 0]), ('t uu', [0]), ('r e k - t i - f ai', [1, 0, 0]), ('dh @', [0]), ('l i - m i t - ei - sh n! z', [2, 0, 1, 0]), ('o v', [1]), ('dh ii', [0]), ('t uh t', [1]), ('a n d', [1]), ('dh @', [0]), ('f r a k - sh n! - @ lw', [1, 0, 0]), ('f ow - r iy @', [1, 0]), ('t r a n s - f oo m', [0, 1]), ('f f f t', [1])]","('t r a n s - f oo m', [1, 0])"
15173,"[('r i - v y uu z', [0, 1]), ('d i - v e - l @ p - m @ n t', [0, 1, 0, 0]), ('p l a n z', [1]), ('dh a t', [1]), ('m ei', [1]), ('i m - p a k t', [1, 0]), ('uh n - r i - k oo d - i d', [2, 0, 1, 0]), ('b e - r iy @ lw z', [1, 0])]","('i m - p a k t', [0, 1])"
15396,"[('a n d', [1]), ('dh e n', [1]), ('k ei m', [1]), ('a z', [1]), ('i f', [1]), ('t uu', [0]), ('m ai', [1]), ('f ai - n l!', [1, 0]), ('a n d', [1]), ('i - r e - v @ k - @ - b l!', [0, 1, 0, 0, 0]), ('ou - v @ - th r ou', [2, 0, 1]), ('dh @', [0]), ('s p i - r i t', [1, 0]), ('o v', [1]), ('p @ - v @@r s - n @ s', [0, 1, 0])]","('ou - v @ - th r ou', [1, 0, 2])"
15398,"[('dh @', [0]), ('d i - f ii t', [0, 1]), ('o v', [1]), ('dh @', [0]), ('s e n - t r @ lw', [1, 0]), ('p ow @ z', [1]), ('l e d', [1]), ('t uu', [0]), ('dh ii', [0]), ('ou - v @ - th r ou', [2, 0, 1]), ('o v', [1]), ('b ou th', [1]), ('m o - n @ k - iy z', [1, 0, 0])]","('ou - v @ - th r ou', [1, 0, 2])"
15399,"[('aa f - t @', [1, 0]), ('k a - s t r ou z', [1, 0]), ('ou - v @ - th r ou', [2, 0, 1]), ('o v', [1]), ('dh @', [0]), ('b @ - t i - s t @', [0, 1, 0]), ('g uh - v @ - m @ n t', [1, 0, 0]), ('h ii', [1]), ('r i - t @@r n d', [0, 1]), ('t uu', [0]), ('k y uu - b @', [1, 0]), ('i n', [1]), ('n ai n - t ii n', [0, 1]), ('s i k - s t iy', [1, 0])]","('ou - v @ - th r ou', [1, 0, 2])"
15401,"[('i n', [1]), ('s e - v n! - t ii n', [2, 0, 1]), ('ei - t iy', [1, 0]), ('th r ii', [1]), ('f o k s', [1]), ('p r @ - d y uu s t', [0, 1]), ('h i z', [1]), ('i n - d iy @', [1, 0]), ('b i lw', [1]), ('w i ch', [1]), ('l e d', [1]), ('t uu', [0]), ('dh ii', [0]), ('ou - v @ - th r ou', [2, 0, 1]), ('o v', [1]), ('dh @', [0]), ('k ou @ - l i - sh n!', [0, 1, 0]), ('g uh - v @ - m @ n t', [1, 0, 0])]","('ou - v @ - th r ou', [1, 0, 2])"
15402,"[('f o - l ou - i ng', [1, 0, 0]), ('dh ii', [0]), ('ou - v @ - th r ou', [2, 0, 1]), ('o v', [1]), ('dh @', [0]), ('g uh - v @ - m @ n t', [1, 0, 0]), ('i n', [1]), ('f e - b r uw @ - r iy', [1, 0, 0]), ('t uu', [1]), ('th ow - z n! d', [1, 0]), ('f oo', [1]), ('a n', [1]), ('i n - t @ - r i m', [1, 0, 0]), ('g uh - v @ - m @ n t', [1, 0, 0]), ('w o z', [1]), ('i - s t a - b l i sh t', [0, 1, 0])]","('ou - v @ - th r ou', [1, 0, 2])"
15405,"[('y uw - n ai t - i d', [0, 1, 0]), ('s t ei t s', [1]), ('m i - n i - s t @', [1, 0, 0]), ('t uu', [0]), ('h @ - w ai - iy', [0, 1, 0]), ('jh o n', [1]), ('e lw', [1]), ('s t ii - v n! z', [1, 0]), ('w o z', [1]), ('f oo s t', [1]), ('t uu', [0]), ('r i - t ai @', [0, 1]), ('aa f - t @', [1, 0]), ('s @ - p oo t - i ng', [0, 1, 0]), ('dh ii', [0]), ('ou - v @ - th r ou', [2, 0, 1]), ('o v', [1]), ('dh @', [0]), ('m o - n @ k - iy', [1, 0, 0])]","('ou - v @ - th r ou', [1, 0, 2])"
15629,"[('dh ou z', [1]), ('h uu', [1]), ('r i - s ii v d', [0, 1]), ('k o ch - l iy @', [1, 0]), ('i m - p l aa n t', [0, 1]), ('s t i - m y uw - l ei - sh n!', [2, 0, 1, 0]), ('i n', [1]), ('@@r - l iy', [1, 0]), ('ch ai lw d - h u d', [1, 0]), ('y uh ng - g @', [1, 0]), ('dh a n', [1]), ('th r ii', [1]), ('p oi n t', [1]), ('f ai v', [1]), ('y i@ z', [1]), ('h a d', [1]), ('n oo - m l!', [1, 0]), ('p ii', [1]), ('w uh n', [1]), ('l ei - t @ n s - iy z', [1, 0, 0])]","('i m - p l aa n t', [1, 0])"
15632,"[('i n', [1]), ('t w e n - t iy', [1, 0]), ('f i f - t ii n', [0, 1]), ('s t a n - t @ n', [1, 0]), ('f i - sh @', [1, 0]), ('r e - p r i - z e n t - i d', [2, 0, 1, 0]), ('n y uu - m @ - r @ s', [1, 0, 0]), ('w i - m i n', [1, 0]), ('w i dh', [1]), ('p ou - l iy', [1, 0]), ('i m - p l aa n t', [0, 1]), ('p r o - th ii z', [1, 0]), ('p i p', [1]), ('i m - p l aa n t s', [1, 0]), ('i n', [1]), ('uh k', [1]), ('a n d', [1]), ('ai @ - l @ n d', [1, 0])]","('i m - p l aa n t', [1, 0])"
15636,"[('k @ n - v e n - sh n! - @ lw', [0, 1, 0, 0]), ('t e k s - ch @ d', [1, 0]), ('oo', [1]), ('k ou t - i d', [1, 0]), ('i m - p l @ n t', [1, 0]), ('s @@r - f i s - i z', [1, 0, 0]), ('aa', [1]), ('d i - z ai n d', [0, 1]), ('t uu', [0]), ('@ - ch ii v', [0, 1]), ('b ou n', [1]), ('t uu', [0]), ('i m - p l aa n t', [0, 1]), ('k o n - t a k t', [1, 0]), ('w i ch', [1]), ('i z', [1]), ('k oo lw d', [1]), ('o ng - g r ou th', [1, 0])]","('i m - p l aa n t', [1, 0])"
15637,"[('dh ii', [0]), ('i n - s i - d n! s', [1, 0, 0]), ('o v', [1]), ('h i p', [1]), ('d i s - l @ - k ei - sh n!', [2, 0, 1, 0]), ('f o - l ou - i ng', [1, 0, 0]), ('h i p', [1]), ('r i - p l ei s - m @ n t', [0, 1, 0]), ('s @@r - jh @ - r iy', [1, 0, 0]), ('g r ei t - l iy', [1, 0]), ('d i - p e n d z', [0, 1]), ('o n', [1]), ('p ei - sh n! t', [1, 0]), ('s @@r - jh i - k l!', [1, 0, 0]), ('a n d', [1]), ('h i p', [1]), ('i m - p l aa n t', [0, 1]), ('f a k - t @ z', [1, 0])]","('i m - p l aa n t', [1, 0])"
15739,"[('i n - v @@r t', [0, 1]), ('sh u - g @', [1, 0]), ('i z', [1]), ('p r @ - d y uu s t', [0, 1]), ('w e n', [1]), ('s uu - k r ou z', [1, 0]), ('b r ei k s', [1]), ('d ow n', [1]), ('d y uu', [1]), ('t uu', [0]), ('dh ii', [0]), ('@ d - i - sh n!', [0, 1, 0]), ('o v', [1]), ('w oo - t @', [1, 0]), ('oo lw - s ou', [1, 0]), ('n ou n', [1]), ('a z', [1]), ('h ai - d r ou - l @ - s i s', [0, 1, 0, 0])]","('i n - v @@r t', [1, 0])"
15833,"[('v @ - l ei @', [0, 1]), ('h a z', [1]), ('y uu s t', [1]), ('h i z', [1]), ('k uu - ch @', [1, 0]), ('k r iy - ei - sh n! z', [0, 1, 0]), ('t uu', [0]), ('t e lw', [1]), ('s t oo - r iy z', [1, 0]), ('dh a t', [1]), ('i n - t r ii g', [1, 0]), ('h i m', [1])]","('i n - t r ii g', [0, 1])"
