implement,58
addict,52
moderate,59
articulate,65
compress,55
extract,50
supplement,65
intimate,61
transplant,56
postulate,57
import,55
recount,58
diagnoses,61
abstract,57
rodeo,55
diffuse,45
perfect,63
increase,68
discount,69
jesus,69
conjugate,48
pasty,56
document,66
bow,53
record,64
suspect,61
desert,50
defect,47
insert,56
incline,56
confines,60
expatriate,60
decrease,64
incense,53
alternate,59
frequent,47
animate,55
progress,62
mouth,54
exploit,52
moped,49
deliberate,70
refund,75
produce,52
content,59
uses,59
mate,48
entrance,62
estimate,63
attribute,58
converse,51
upset,49
precipitate,58
use,67
laminate,63
ornament,61
resume,61
invite,55
present,54
protest,58
sake,61
wind,64
house,56
discard,72
duplicate,67
retard,63
expose,60
transform,60
minute,49
perfume,47
conglomerate,31
predicate,66
contrast,57
compact,53
rerelease,60
lives,57
abuses,62
advocate,49
export,66
impact,68
isolate,61
rebel,45
coordinate,57
pigment,47
conduct,68
bass,35
permit,64
winds,76
construct,63
celtic,49
approximate,67
polish,37
elaborate,70
wound,59
separate,61
dove,23
mobile,52
project,57
convict,59
invalid,65
ravel,43
object,63
overthrow,42
row,61
affect,67
buffet,62
discharge,60
transport,49
reject,59
console,53
nestle,35
refuse,67
read,80
graduate,62
august,57
fragment,50
contract,55
bologna,23
contest,48
conscript,61
interchange,47
axes,51
escort,53
conflict,62
convert,53
implant,46
initiate,60
delegate,59
insult,55
live,56
aggregate,50
subject,58
degenerate,48
appropriate,67
abuse,66
close,43
invert,71
reading,66
lead,57
tear,67
syndicate,58
consort,25
pervert,63
associate,51
deviate,71
intrigue,58
misuse,66
learned,59
increment,66
compound,32
combine,57
analyses,53
sow,51
job,61
correlate,65
consummate,50
subordinate,51
instrument,54
affiliate,59
excuse,59
blessed,53
aged,57
