903,"[('dh ei', [1]), ('oo lw - s ou', [1, 0]), ('i m - p oo t', [1, 0]), ('s p ai s - i z', [1, 0]), ('f r o m', [1]), ('v ii t - n @ m', [1, 0]), ('dh a t', [1]), ('k a - n o t', [1, 0]), ('b ii', [1]), ('f ow n d', [1]), ('i n', [1]), ('h o ng', [1]), ('k o ng', [1]), ('b uh t', [1]), ('aa', [1]), ('v ai - t l!', [1, 0]), ('f @', [0]), ('dh @', [0]), ('d i sh - i z', [1, 0])]","('i m - p oo t', [0, 1])"
930,"[('n o n', [1]), ('ii k - @ s', [1, 0]), ('p r ou - s e s - i z', [1, 0, 0]), ('t i p - i - k l iy', [1, 0, 0]), ('i m - p oo t', [1, 0]), ('v a - l i d', [1, 0]), ('t r a n - z a k - sh n! z', [0, 1, 0]), ('ou n - l iy', [1, 0]), ('a n d', [1]), ('jh e - n @ - r ei t', [1, 0, 0]), ('a n', [1]), ('i k - s e p - sh n!', [0, 1, 0]), ('l i s t', [1]), ('o v', [1]), ('dh ii', [0]), ('i n - v a - l i d', [0, 1, 0]), ('t r a n - z a k - sh n! z', [0, 1, 0])]","('i m - p oo t', [0, 1])"
984,"[('h ow - e - v @', [2, 1, 0]), ('ei', [1]), ('r ii - k ow n t', [3, 1]), ('r i - z uh lw t - i d', [0, 1, 0]), ('i n', [1]), ('ei', [1]), ('t ai', [1]), ('w i dh', [1]), ('b ou th', [1]), ('b i - z a n - s n!', [0, 1, 0]), ('a n d', [1]), ('t i d - m @ n', [1, 0]), ('r i - s ii v - i ng', [0, 1, 0]), ('th r ii', [1]), ('th ow - z n! d', [1, 0]), ('s e - v n!', [1, 0]), ('h uh n - d r @ d', [1, 0]), ('a n d', [1]), ('th @@r - t iy', [1, 0]), ('f ai v', [1]), ('v ou t s', [1])]","('r ii - k ow n t', [1, 0])"
985,"[('i ng - @ m', [1, 0]), ('k ow n - t iy', [1, 0]), ('w o z', [1]), ('dh @', [0]), ('f @@r s t', [1]), ('k ow n - t iy', [1, 0]), ('t uu', [0]), ('k @ m - p l ii t', [0, 1]), ('dh eir', [1]), ('r ii - k ow n t', [3, 1])]","('r ii - k ow n t', [1, 0])"
987,"[('jh ei', [1]), ('l uh v', [1]), ('uh n - l ai k - l iy', [0, 1, 0]), ('t uu', [0]), ('s ii k', [1]), ('r ii - k ow n t', [3, 1]), ('i n', [1]), ('s e - k @ n d', [1, 0]), ('d i - s t r i k t', [1, 0]), ('l o s', [1]), ('t uu', [0]), ('b o - b iy', [1, 0]), ('b r ai t', [1])]","('r ii - k ow n t', [1, 0])"
990,"[('m oo', [1]), ('r ii - s n! t - l iy', [1, 0, 0]), ('dh @', [0]), ('k ow n - t iy', [1, 0]), ('@ - k w ai @ d', [0, 1]), ('n a sh - n l!', [1, 0]), ('@ - t e n - sh n!', [0, 1, 0]), ('d y ur - r i ng', [1, 0]), ('dh @', [0]), ('t uu', [1]), ('th ow - z n! d', [1, 0]), ('p r e - z i - d e n - sh l!', [2, 0, 1, 0]), ('i - l e k - sh n!', [0, 1, 0]), ('w e n', [1]), ('ei', [1]), ('k o n - t r @ - v @@r - sh l!', [2, 0, 1, 0]), ('r ii - k ow n t', [3, 1]), ('@ - k @@r d', [0, 1])]","('r ii - k ow n t', [1, 0])"
995,"[('s ou', [1]), ('f aa', [1]), ('ou n - l iy', [1, 0]), ('i n', [1]), ('dh @', [0]), ('g uh - b @ - n @ t - oo r - iy @ lw', [2, 0, 0, 1, 0]), ('i - l e k - sh n! z', [0, 1, 0]), ('o v', [1]), ('n ai n - t ii n', [0, 1]), ('ei - t iy', [1, 0]), ('a n d', [1]), ('t uu', [1]), ('th ow - z n! d', [1, 0]), ('f oo', [1]), ('h a z', [1]), ('ei', [1]), ('r ii - k ow n t', [3, 1]), ('t ei k - @ n', [1, 0]), ('p l ei s', [1])]","('r ii - k ow n t', [1, 0])"
999,"[('k l ei n', [1]), ('w o z', [1]), ('p oo - t r ei d', [0, 1]), ('b ai', [1]), ('k e - v i n', [1, 0]), ('s p ei - s iy', [1, 0]), ('i n', [1]), ('dh @', [0]), ('h b ou', [1]), ('f i lw m', [1]), ('r ii - k ow n t', [3, 1]), ('d i - p i k t - i ng', [0, 1, 0]), ('dh @', [0]), ('t y uu - m uh lw t', [1, 0]), ('o v', [1]), ('dh @', [0]), ('t uu', [1]), ('th ow - z n! d', [1, 0]), ('p r e - z i - d e n - sh l!', [2, 0, 1, 0]), ('i - l e k - sh n!', [0, 1, 0])]","('r ii - k ow n t', [1, 0])"
1003,"[('dh @', [0]), ('f l o - r i - d @', [1, 0, 0]), ('r ii - k ow n t', [3, 1]), ('w o z', [1]), ('s t o p t', [1]), ('ei', [1]), ('f y uu', [1]), ('w ii k s', [1]), ('l ei t - @', [1, 0]), ('b ai', [1]), ('dh ii', [0]), ('uh s', [1]), ('s uw - p r ii m', [0, 1]), ('k oo t', [1])]","('r ii - k ow n t', [1, 0])"
1007,"[('i - m ii - d iy @ t - l iy', [0, 1, 0, 0]), ('f o - l ou - i ng', [1, 0, 0]), ('dh ii', [0]), ('i - l e k - sh n!', [0, 1, 0]), ('s t ii - v n! - s n!', [1, 0, 0]), ('f ai lw d', [1]), ('ei', [1]), ('m ou - sh n!', [1, 0]), ('w i dh', [1]), ('dh ii', [0]), ('i - l @ - n oi', [2, 0, 1]), ('s uw - p r ii m', [0, 1]), ('k oo t', [1]), ('f @', [0]), ('ei', [1]), ('s t ei t', [1]), ('p ei d', [1]), ('r ii - k ow n t', [3, 1])]","('r ii - k ow n t', [1, 0])"
1012,"[('dh @', [0]), ('r ii - k ow n t', [3, 1]), ('k @ n - f @@r m d', [0, 1]), ('dh @', [0]), ('r i - z uh lw t', [0, 1]), ('b uh t', [1]), ('b ai', [1]), ('ei', [1]), ('n a - r ou @', [1, 0]), ('m aa - jh i n', [1, 0])]","('r ii - k ow n t', [1, 0])"
1013,"[('aa f - t @', [1, 0]), ('ei', [1]), ('r ii - k ow n t', [3, 1]), ('g i ng - g r i ch', [1, 0]), ('p r i - v ei lw d', [0, 1]), ('b ai', [1]), ('n ai n', [1]), ('h uh n - d r @ d', [1, 0]), ('a n d', [1]), ('ei - t iy', [1, 0]), ('v ou t s', [1]), ('w i dh', [1]), ('ei', [1]), ('f i f - t iy', [1, 0]), ('w uh n', [1]), ('p @ - s e n t', [0, 1]), ('t uu', [0]), ('f oo - t iy', [1, 0]), ('n ai n', [1]), ('p @ - s e n t', [0, 1]), ('r i - z uh lw t', [0, 1])]","('r ii - k ow n t', [1, 0])"
1014,"[('a z', [1]), ('dh @', [0]), ('m aa - jh i n', [1, 0]), ('w o z', [1]), ('w i dh - i n', [3, 1]), ('dh @', [0]), ('t uu', [1]), ('p @ - s e n t', [0, 1]), ('r ei n jh', [1]), ('dh eir', [1]), ('w o z', [1]), ('ei', [1]), ('r ii - k ow n t', [3, 1])]","('r ii - k ow n t', [1, 0])"
1016,"[('h ow - e - v @', [2, 1, 0]), ('s i n s', [1]), ('@ - b a - m @', [0, 1, 0]), ('oo lw - r e - d iy', [2, 1, 0]), ('w uh n', [1]), ('dh ii', [0]), ('i - l e k - sh n!', [0, 1, 0]), ('dh eir', [1]), ('h a d', [1]), ('b ii n', [1]), ('n ou', [1]), ('i n - d i - k ei - sh n! z', [2, 0, 1, 0]), ('t uu', [0]), ('s @ - jh e s t', [0, 1]), ('dh a t', [1]), ('h ii', [1]), ('w u d', [1]), ('r i - k w e s t', [0, 1]), ('ei', [1]), ('r ii - k ow n t', [3, 1])]","('r ii - k ow n t', [1, 0])"
1022,"[('h ow - e - v @', [2, 1, 0]), ('l uw - k a - s k u k', [0, 1, 0]), ('@ - p ii lw d', [0, 1]), ('dh @', [0]), ('r ii - k ow n t', [3, 1]), ('th r ii', [1]), ('t ai m z', [1]), ('t uu', [0]), ('dh ii', [0]), ('a lw - b @@r - t @', [0, 1, 0]), ('k oo t', [1]), ('o v', [1]), ('@ - p ii lw z', [0, 1]), ('d i - s p y uu t - i ng', [0, 1, 0]), ('ei', [1]), ('n uh m - b @', [1, 0]), ('o v', [1]), ('r i - jh e k t - i d', [0, 1, 0]), ('b a - l @ t s', [1, 0])]","('r ii - k ow n t', [1, 0])"
1023,"[('dh @', [0]), ('f o - l ou - i ng', [1, 0, 0]), ('d ei', [1]), ('i t', [1]), ('w o z', [1]), ('@ - n ow n s t', [0, 1]), ('dh a t', [1]), ('dh @', [0]), ('r ii - k ow n t', [3, 1]), ('r i - z uh lw t - i d', [0, 1, 0]), ('i n', [1]), ('@ - n uh - dh @', [0, 1, 0]), ('t ai', [1])]","('r ii - k ow n t', [1, 0])"
1027,"[('k ou lw - m @ n', [1, 0]), ('d i - k l eir d', [0, 1]), ('h i m - s e lw f', [3, 1]), ('dh @', [0]), ('v i k - t @', [1, 0]), ('a n d', [1]), ('s @ - jh e s t - i d', [0, 1, 0]), ('dh a t', [1]), ('f r a ng - k @ n', [1, 0]), ('w ei v', [1]), ('h i z', [1]), ('r ai t', [1]), ('t uu', [0]), ('ei', [1]), ('r ii - k ow n t', [3, 1])]","('r ii - k ow n t', [1, 0])"
1036,"[('aa f - t @', [1, 0]), ('d i - m aa n d - i ng', [0, 1, 0]), ('ei', [1]), ('r ii - k ow n t', [3, 1]), ('w e s t', [1]), ('f ai - n l! - iy', [1, 0, 0]), ('k @ n - s ii d - i d', [0, 1, 0]), ('dh ii', [0]), ('i - l e k - sh n!', [0, 1, 0]), ('t uu', [0]), ('m @@r - f iy', [1, 0]), ('o n', [1]), ('n ou - v e m - b @', [0, 1, 0]), ('t w e n - t iy - i th', [1, 0, 0]), ('t w e n - t iy', [1, 0]), ('t w e lw v', [1])]","('r ii - k ow n t', [1, 0])"
1046,"[('p ii - t @', [1, 0]), ('i n - v @@r - s ou', [0, 1, 0]), ('w ou n t', [1]), ('s ii k', [1]), ('r ii - k ow n t', [3, 1]), ('i n', [1]), ('f oo - t ii n th', [0, 1]), ('d i - s t r i k t', [1, 0]), ('i - l e k - sh n!', [0, 1, 0]), ('l o s', [1]), ('t uu', [0]), ('s e n', [1])]","('r ii - k ow n t', [1, 0])"
1047,"[('dh @', [0]), ('v ou t', [1]), ('w o z', [1]), ('s ou', [1]), ('k l ou s', [1]), ('dh a t', [1]), ('ei', [1]), ('r ii - k ow n t', [3, 1]), ('w o z', [1]), ('p @ - f oo m d', [0, 1]), ('a n d', [1]), ('b a - l @ t s', [1, 0]), ('w @@r', [1]), ('k eir - f l! - iy', [1, 0, 0]), ('s k r uu - t i n - ai z d', [1, 0, 0])]","('r ii - k ow n t', [1, 0])"
1048,"[('p e n - s i lw - v ei - n iy @', [2, 0, 1, 0]), ('r i - p uh - b l i k - @ n z', [0, 1, 0, 0]), ('d i - m aa n d - i d', [0, 1, 0]), ('ei', [1]), ('h a n d', [1]), ('r ii - k ow n t', [3, 1]), ('w i ch', [1]), ('e n d - i d', [1, 0]), ('o n', [1]), ('d i - s e m - b @', [0, 1, 0]), ('t w e n - t iy', [1, 0]), ('s e - k @ n d', [1, 0]), ('w i dh', [1]), ('m i - s l! - v ei n', [2, 0, 1]), ('s m i th', [1]), ('b ii - i ng', [1, 0]), ('@ - f i - sh l! - iy', [0, 1, 0, 0]), ('s @@r - t i - f ai d', [1, 0, 0]), ('a z', [1]), ('dh @', [0]), ('w i n - @', [1, 0])]","('r ii - k ow n t', [1, 0])"
1052,"[('h ow - e - v @', [2, 1, 0]), ('ei', [1]), ('r ii - k ow n t', [3, 1]), ('r i - z uh lw t - i d', [0, 1, 0]), ('i n', [1]), ('dh @', [0]), ('r i - z uh lw t', [0, 1]), ('b ii - i ng', [1, 0]), ('r i - v @@r s t', [0, 1]), ('w i dh', [1]), ('h y uu', [1]), ('v a - l @ n - t ai n', [1, 0, 0]), ('b ii - i ng', [1, 0]), ('i - l e k t - i d', [0, 1, 0])]","('r ii - k ow n t', [1, 0])"
1056,"[('aa f - t @', [1, 0]), ('ei', [1]), ('l e ng th - iy', [1, 0]), ('r ii - k ow n t', [3, 1]), ('t o m p - s n!', [1, 0]), ('l o s t', [1]), ('dh @', [0]), ('jh e n - r @ lw', [1, 0]), ('i - l e k - sh n!', [0, 1, 0]), ('t uu', [0]), ('m aa k', [1]), ('g r ai - z a n - t iy', [0, 1, 0])]","('r ii - k ow n t', [1, 0])"
1058,"[('s i n s', [1]), ('dh @', [0]), ('r i - z uh lw t s', [0, 1]), ('sh ou d', [1]), ('dh a t', [1]), ('h ii', [1]), ('w o z', [1]), ('ou n - l iy', [1, 0]), ('s i k s', [1]), ('h uh n - d r @ d', [1, 0]), ('v ou t s', [1]), ('b i - h ai n d', [0, 1]), ('h ii', [1]), ('r i - k w e s t - i d', [0, 1, 0]), ('ei', [1]), ('r ii - k ow n t', [3, 1])]","('r ii - k ow n t', [1, 0])"
1065,"[('d y ur - r i ng', [1, 0]), ('dh @', [0]), ('r ii - k ow n t', [3, 1]), ('i t', [1]), ('w o z', [1]), ('d i - t @@r - m i n d', [0, 1, 0]), ('dh a t', [1]), ('w uh n', [1]), ('th ow - z n! d', [1, 0]), ('th r ii', [1]), ('h uh n - d r @ d', [1, 0]), ('a n d', [1]), ('s e - v n! - t iy', [1, 0, 0]), ('f ai v', [1]), ('w oo', [1]), ('s e - n i t', [1, 0]), ('b a - l @ t', [1, 0]), ('p ei - p @ z', [1, 0]), ('k u d', [1]), ('n o t', [1]), ('b ii', [1]), ('l ou - k ei t - i d', [0, 1, 0])]","('r ii - k ow n t', [1, 0])"
1070,"[('h ow - e - v @', [2, 1, 0]), ('ei', [1]), ('r ii - k ow n t', [3, 1]), ('w o z', [1]), ('h e lw d', [1]), ('a n d', [1]), ('s t ii - v n! - s n!', [1, 0, 0]), ('g ei n d', [1]), ('f ai v', [1]), ('m oo', [1]), ('v ou t s', [1]), ('f @', [0]), ('ei', [1]), ('t ou - t l!', [1, 0]), ('o v', [1]), ('s i k s', [1]), ('h uh n - d r @ d', [1, 0]), ('a n d', [1]), ('w uh n', [1])]","('r ii - k ow n t', [1, 0])"
1074,"[('aa f - t @', [1, 0]), ('@ - r i - jh i n - @ l - iy', [0, 1, 0, 0, 0]), ('b i - l ii v - i ng', [0, 1, 0]), ('jh ou', [1]), ('h a d', [1]), ('h i@ r - i ng', [1, 0]), ('p r o - b l @ m z', [1, 0]), ('dh eir', [1]), ('ou - t @ - l a - r i ng - g o - l @ - jh i s t', [2, 0, 0, 0, 1, 0, 0]), ('r i - f @@r z', [0, 1]), ('jh ou', [1]), ('t uu', [0]), ('ei', [1]), ('s p e - sh l! - i s t', [1, 0, 0]), ('h uu', [1]), ('d ai @ g - n ou z - i z', [0, 1, 0]), ('h i m', [1]), ('w i dh', [1]), ('oo - t i - z m!', [1, 0, 0])]","('d ai @ g - n ou z - i z', [1, 0, 0])"
1078,"[('h i z', [1]), ('w @@r k s', [1]), ('s t aa t - i d', [1, 0]), ('dh @', [0]), ('s i p - t @ - g a - m i k', [2, 0, 1, 0]), ('i - t a - l iy @ n', [0, 1, 0]), ('f l oo - r @', [1, 0]), ('ei', [1]), ('s i@ - r iy z', [1, 0]), ('o v', [1]), ('b u k s', [1]), ('w i ch', [1]), ('d i - s k r ai b z', [0, 1]), ('a n d', [1]), ('d ai @ g - n ou z - i z', [0, 1, 0]), ('f uh ng - g iy', [1, 0])]","('d ai @ g - n ou z - i z', [1, 0, 0])"
1088,"[('s t a n', [1]), ('g ou z', [1]), ('t uu', [0]), ('dh @', [0]), ('d o k - t @', [1, 0]), ('h uu', [1]), ('aa f - t @', [1, 0]), ('i g - z a - m i n - i ng', [0, 1, 0, 0]), ('h i m', [1]), ('d ai @ g - n ou z - i z', [0, 1, 0]), ('h i m', [1]), ('a z', [1]), ('ei', [1]), ('s i - n i k - l!', [1, 0, 0]), ('a s - h ou lw', [1, 3])]","('d ai @ g - n ou z - i z', [1, 0, 0])"
1090,"[('i n', [1]), ('dh @', [0]), ('m o - r @ lw', [1, 0]), ('p r o - b l @ m', [1, 0]), ('s m i th', [1]), ('d ai @ g - n ou z - i z', [0, 1, 0]), ('ei', [1]), ('l o ng - s t a n d - i ng', [0, 1, 0]), ('t e n - sh n!', [1, 0]), ('b i - t w ii n', [0, 1]), ('dh ii', [0]), ('@ - p a - r @ n t', [0, 1, 0]), ('o b - jh e k t - i v - @ - t iy', [2, 0, 1, 0, 0]), ('a n d', [1]), ('p r a k - t i - k a l - @ - t iy', [2, 0, 1, 0, 0]), ('o v', [1]), ('m o - r @ lw', [1, 0]), ('jh uh jh - m @ n t s', [1, 0])]","('d ai @ g - n ou z - i z', [1, 0, 0])"
1092,"[('d o k - t @', [1, 0]), ('jh o n', [1]), ('s ii - w @ d', [1, 0]), ('d ai @ g - n ou z - i z', [0, 1, 0]), ('h i m', [1]), ('a z', [1]), ('ei', [1]), ('z uu - f ei - g @ s', [1, 0, 0]), ('m ei - n iy - a k', [1, 0, 0]), ('oo', [1]), ('k aa - n i - v @ r - @ s', [0, 1, 0, 0]), ('m a d - m @ n', [1, 0])]","('d ai @ g - n ou z - i z', [1, 0, 0])"
1096,"[('k aa - d iy @ - v a - s k y uw - l @', [2, 0, 1, 0, 0]), ('t e k - n o - l @ - jh i s t s', [0, 1, 0, 0]), ('oo lw - s ou', [1, 0]), ('n ou n', [1]), ('a z', [1]), ('ei', [1]), ('k aa - d iy @ - v a - s k y uw - l @', [2, 0, 1, 0, 0]), ('t e k - n i - sh n!', [0, 1, 0]), ('oo', [1]), ('v a - s k y uw - l @', [1, 0, 0]), ('t e k - n o - l @ - jh i s t', [0, 1, 0, 0]), ('i z', [1]), ('ei', [1]), ('h e lw th', [1]), ('p r @ - f e - sh n! - @ lw', [0, 1, 0, 0]), ('h uu', [1]), ('d ai @ g - n ou z - i z', [0, 1, 0]), ('k aa - d iy @ - v a - s k y uw - l @', [2, 0, 1, 0, 0]), ('p r o - b l @ m z', [1, 0])]","('d ai @ g - n ou z - i z', [1, 0, 0])"
1103,"[('v i - n iy', [1, 0]), ('v i - z i t s', [1, 0]), ('d o k - t @', [1, 0]), ('jh ei m z', [1]), ('f r ei - z @', [1, 0]), ('m ai - k l!', [1, 0]), ('p i - s i - r i - l iy', [2, 0, 1, 0]), ('h uu', [1]), ('d ai @ g - n ou z - i z', [0, 1, 0]), ('h i m', [1]), ('w i dh', [1]), ('t e - s t i - k y uw - l @', [0, 1, 0, 0]), ('k a n - s @', [1, 0])]","('d ai @ g - n ou z - i z', [1, 0, 0])"
1105,"[('jh e - n @', [1, 0]), ('k aa n t', [1]), ('s i ng', [1]), ('w e lw', [1]), ('d y uu', [1]), ('t uu', [0]), ('dh @', [0]), ('y i p s', [1]), ('dh a t', [1]), ('p ii t', [1]), ('d ai @ g - n ou z - i z', [0, 1, 0]), ('h @@r', [1]), ('w i dh', [1]), ('a z', [1]), ('h ii', [1]), ('t uu', [1]), ('s uh - f @ z', [1, 0]), ('f r o m', [1]), ('dh e m', [1])]","('d ai @ g - n ou z - i z', [1, 0, 0])"
1111,"[('a t', [1]), ('h @@r', [1]), ('f aa - dh @ z', [1, 0]), ('t i m', [1]), ('m a - th i - s n!', [1, 0, 0]), ('i n - s i s t - @ n s', [0, 1, 0]), ('sh ii', [1]), ('s ii z', [1]), ('ei', [1]), ('f i - z i - sh n!', [0, 1, 0]), ('h uu', [1]), ('d ai @ g - n ou z - i z', [0, 1, 0]), ('h @@r', [1]), ('a z', [1]), ('@ - n e - m i k', [0, 1, 0])]","('d ai @ g - n ou z - i z', [1, 0, 0])"
1113,"[('w e n', [1]), ('b l uh d', [1]), ('b i - g i n z', [0, 1]), ('t uu', [0]), ('@ - p i@', [0, 1]), ('f r o m', [1]), ('e v - r iy - w eir', [1, 0, 2]), ('m e - r i - d i th', [1, 0, 0]), ('d ai @ g - n ou z - i z', [0, 1, 0]), ('h @@r - s e lw f', [3, 1]), ('i n', [1]), ('a z', [1]), ('b ii - i ng', [1, 0]), ('i n', [1]), ('d i k', [1])]","('d ai @ g - n ou z - i z', [1, 0, 0])"
1114,"[('dh @', [0]), ('d o k - t @', [1, 0]), ('d ai @ g - n ou z - i z', [0, 1, 0]), ('h i m', [1]), ('a z', [1]), ('f i - z i - k l iy', [1, 0, 0]), ('a n d', [1]), ('m e n - t l! - iy', [1, 0, 0]), ('d i s - ei - b l! d', [0, 1, 0]), ('uh n - ei - b l!', [0, 1, 0]), ('t uu', [0]), ('w oo k', [1]), ('oo', [1]), ('t oo k', [1]), ('a n d', [1]), ('h a v - i ng', [1, 0]), ('n ou', [1]), ('k @ - p a - s @ - t iy', [0, 1, 0, 0]), ('f @', [0]), ('th oo t', [1])]","('d ai @ g - n ou z - i z', [1, 0, 0])"
1116,"[('h ow s', [1]), ('d ai @ g - n ou z - i z', [0, 1, 0]), ('f l i n', [1]), ('w i dh', [1]), ('t y uu - l @ - r ii - m iy @', [2, 0, 1, 0]), ('f r o m', [1]), ('h i z', [1]), ('r a - b i t s', [1, 0])]","('d ai @ g - n ou z - i z', [1, 0, 0])"
1117,"[('sh ii', [1]), ('g ou z', [1]), ('t uu', [0]), ('s ii', [1]), ('d o k - t @', [1, 0]), ('y uh ng', [1]), ('h uu', [1]), ('d ai @ g - n ou z - i z', [0, 1, 0]), ('f uh ng k - sh n! - @ lw', [1, 0, 0]), ('y uw - f ou - n iy @', [0, 1, 0]), ('ei', [1]), ('s p ii k - i ng', [1, 0]), ('d i s - oo - d @', [0, 1, 0]), ('k oo z d', [1]), ('b ai', [1]), ('sh o k - i ng', [1, 0]), ('n y uu z', [1])]","('d ai @ g - n ou z - i z', [1, 0, 0])"
1118,"[('h ii', [1]), ('d ai @ g - n ou z - i z', [0, 1, 0]), ('i t', [1]), ('a z', [1]), ('k o z - m i k', [1, 0]), ('r uh s t', [1]), ('a n d', [1]), ('y uu z - i z', [1, 0]), ('s uh m', [1]), ('o v', [1]), ('dh @', [0]), ('f oo - m y uw - l @', [1, 0, 0]), ('o n', [1]), ('m e - g @ - t r @ n', [1, 0, 0])]","('d ai @ g - n ou z - i z', [1, 0, 0])"
1121,"[('jh u - l iy - e t', [2, 0, 1]), ('d ai @ g - n ou z - i z', [0, 1, 0]), ('h i m', [1]), ('w i dh', [1]), ('@ - p e n - d i - s ai - t @ s', [0, 2, 0, 1, 0]), ('a n d', [1]), ('d ii m z', [1]), ('a n', [1]), ('a - p @ n - d e k - t @ - m iy', [2, 0, 1, 0, 0]), ('n e - s @ - s @ - r iy', [1, 0, 0, 0])]","('d ai @ g - n ou z - i z', [1, 0, 0])"
1129,"[('dh @', [0]), ('v ii - i - k l!', [1, 0, 0]), ('k @ m - p y uu t - @', [0, 1, 0]), ('d ai @ g - n ou z - i z', [0, 1, 0]), ('dh @', [0]), ('t r a m', [1]), ('d i - s p l ei z', [0, 1]), ('dh @', [0]), ('s p ii d - o - m i - t @', [0, 1, 0, 0]), ('g i v z', [1]), ('a k - s e s', [1, 0]), ('t uu', [0]), ('dh @', [0]), ('s a n - d @', [1, 0]), ('s t ei - t @ s', [1, 0]), ('a n d', [1]), ('m oo', [1])]","('d ai @ g - n ou z - i z', [1, 0, 0])"
1135,"[('dh @', [0]), ('d o k - t @', [1, 0]), ('d ai @ g - n ou z - i z', [0, 1, 0]), ('dh @', [0]), ('y uh ng', [1]), ('g a ng - s t @', [1, 0]), ('w i dh', [1]), ('t y uw - b @@r - k y uw - l ou - s i s', [0, 2, 0, 1, 0]), ('a n d', [1]), ('k @ n - v i n s - i z', [0, 1, 0]), ('h i m', [1]), ('t uu', [0]), ('b i - g i n', [0, 1]), ('t r ii t - m @ n t', [1, 0]), ('a n d', [1]), ('k w i t', [1]), ('b uu z - i ng', [1, 0]), ('a n d', [1]), ('w u - m @ n - ai z - i ng', [1, 0, 2, 0])]","('d ai @ g - n ou z - i z', [1, 0, 0])"
1138,"[('d i - t e k t s', [0, 1]), ('d ai @ g - n ou z - i z', [0, 1, 0]), ('a n d', [1]), ('m i - t i - g ei t s', [1, 0, 0]), ('d e n s', [1]), ('d @ - m ei n', [0, 1]), ('n ei m', [1]), ('s i - s t @ m', [1, 0]), ('s i - k y ur r - @ - t iy', [0, 1, 0, 0]), ('a n d', [1]), ('k @ n - f i - g y uw r - ei - sh n!', [0, 2, 0, 1, 0]), ('i - sh uu z', [1, 0]), ('f @', [0]), ('a n', [1]), ('oo - g @ - n ai z - ei - sh n!', [2, 0, 0, 1, 0]), ('a n d', [1]), ('i t s', [1]), ('i k - s t e n d - i d', [0, 1, 0]), ('e n - t @ - p r ai z', [1, 0, 0])]","('d ai @ g - n ou z - i z', [1, 0, 0])"
1146,"[('aa f - t @', [1, 0]), ('dh @', [0]), ('k w ii n', [1]), ('b ii', [1]), ('d ai z', [1]), ('h @@r', [1]), ('s @ k - s e - s @', [0, 1, 0]), ('d ai @ g - n ou z - i z', [0, 1, 0]), ('h i z', [1]), ('k @ n - d i - sh n!', [0, 1, 0]), ('a z', [1]), ('sh a - z @ - f r ii - n iy @', [2, 0, 1, 0]), ('a n d', [1]), ('@ - r e s t s', [0, 1]), ('h i m', [1])]","('d ai @ g - n ou z - i z', [1, 0, 0])"
1150,"[('dh i s', [1]), ('d i - f i n - @ t - i v - l iy', [0, 1, 0, 0, 0]), ('d ai @ g - n ou z - i z', [0, 1, 0]), ('a d', [1]), ('b ai', [1]), ('ai - d e n - t i - f ai - i ng', [0, 1, 0, 2, 0]), ('a - m iy - l oi d', [1, 0, 2]), ('p l ei k s', [1]), ('a n d', [1]), ('t oo', [1]), ('t a ng - g l! z', [1, 0]), ('a n d', [1]), ('oo lw - s ou', [1, 0]), ('n ou t s', [1]), ('uh - dh @', [1, 0]), ('k o - m @ n', [1, 0]), ('k o - m @ - b i d - @ - t iy z', [2, 0, 1, 0, 0])]","('d ai @ g - n ou z - i z', [1, 0, 0])"
1529,"[('a z', [1]), ('@@r - b @ n', [1, 0]), ('y uu - n i - v @@r - s @ - t iy z', [2, 0, 1, 0, 0]), ('i n - k r ii s', [1, 0]), ('i n', [1]), ('s ai z', [1]), ('a n d', [1]), ('k @ m - p l e k s - @ - t iy', [0, 1, 0, 0]), ('dh ei', [1]), ('h ai @', [1]), ('ei', [1]), ('l aa jh', [1]), ('s t aa f', [1]), ('o v', [1]), ('s i - t iy', [1, 0]), ('r e - z i - d @ n t s', [1, 0, 0])]","('i n - k r ii s', [0, 1])"
1544,"[('l e - v l! z', [1, 0]), ('@ - b uh v', [0, 1]), ('oo', [1]), ('b i - l ou', [0, 1]), ('dh i s', [1]), ('n a ch - r @ lw', [1, 0]), ('h ou - m iy - o - s t @ - s i s', [2, 0, 1, 0, 0]), ('o v', [1]), ('v i - t @ - m i n', [1, 0, 0]), ('d ii', [1]), ('i n - k r ii s', [1, 0]), ('m oo - t a l - @ - t iy', [0, 1, 0, 0])]","('i n - k r ii s', [0, 1])"
1552,"[('i n - k r ii s', [1, 0]), ('i m - p l oi - m @ n t', [0, 1, 0]), ('sh eir', [1]), ('o v', [1]), ('m uh z - l i m z', [1, 0]), ('p @ - t i - k y uw - l @ - l iy', [0, 1, 0, 0, 0]), ('w eir', [1]), ('dh eir', [1]), ('i z', [1]), ('g r ei t', [1]), ('d ii lw', [1]), ('o v', [1]), ('p uh - b l i k', [1, 0]), ('d ii l - i ng', [1, 0])]","('i n - k r ii s', [0, 1])"
1555,"[('i n', [1]), ('@ d - i - sh n!', [0, 1, 0]), ('n ou d z', [1]), ('k a n', [1]), ('b ii', [1]), ('ii z - i - l iy', [1, 0, 0]), ('r i - m uu v d', [0, 1]), ('a n d', [1]), ('a d - i d', [1, 0]), ('t uu', [0]), ('r i - d y uu s', [0, 1]), ('p r @ - d uh k - sh n!', [0, 1, 0]), ('d ow n - t ai m', [1, 3]), ('i n - k r ii s', [1, 0]), ('n e t - w @@r k', [1, 3]), ('f l e k s - @ - b i l - @ - t iy', [2, 0, 1, 0, 0]), ('a n d', [1]), ('d i - k r ii s', [0, 1]), ('t r uh - b l! - sh uu t - i ng', [1, 0, 2, 0]), ('t ai m', [1])]","('i n - k r ii s', [0, 1])"
2050,"[('i n', [1]), ('n ai n - t ii n', [0, 1]), ('n ai n - t iy', [1, 0]), ('f ai v', [1]), ('dh @', [0]), ('t ii m', [1]), ('t r a - v l! d', [1, 0]), ('t uu', [0]), ('d o - k y uw - m e n t', [2, 0, 1]), ('r ur - r @ lw', [1, 0]), ('eir - r iy @ z', [1, 0]), ('o v', [1]), ('ch ai - n @', [1, 0]), ('y e - m @ n', [1, 0]), ('k a m - b ou - d iy @', [0, 1, 0]), ('a n d', [1]), ('b @@r - m @', [1, 0])]","('d o - k y uw - m e n t', [1, 0, 0])"
2502,"[('i t', [1]), ('h a z', [1]), ('s i - l e k t', [0, 1]), ('i n - s @@r t', [1, 0]), ('uh p - d ei t', [1, 3]), ('d i - l ii t', [0, 1]), ('m @@r jh', [1]), ('s t ei t - m @ n t s', [1, 0]), ('t uu', [0]), ('o - p @ - r ei t', [1, 0, 0]), ('o n', [1]), ('jh - s n!', [1, 0]), ('d aa - t @', [1, 0])]","('i n - s @@r t', [0, 1])"
2506,"[('i f', [1]), ('e k s', [1]), ('i n - t @ - s e k t s', [2, 0, 1]), ('dh ii', [0]), ('i n - t @ - v l!', [1, 0, 0]), ('o v', [1]), ('dh @', [0]), ('r ai t', [1]), ('ch ai lw d', [1]), ('o v', [1]), ('t ii', [1]), ('dh e n', [1]), ('i n - s @@r t', [1, 0]), ('e k s', [1]), ('i n', [1]), ('dh a t', [1]), ('ch ai lw d', [1]), ('r i - k @@r s - i v - l iy', [0, 1, 0, 0])]","('i n - s @@r t', [0, 1])"
2507,"[('dh ou z', [1]), ('h uu', [1]), ('i n - s @@r t', [1, 0]), ('o b - jh i k t s', [1, 0]), ('a z', [1]), ('ei d z', [1]), ('t uu', [0]), ('m a - s t @ - b ei - sh n!', [2, 0, 1, 0]), ('r i s k', [1]), ('dh e m', [1]), ('b i - k uh m - i ng', [0, 1, 0]), ('s t uh k', [1]), ('f @', [0]), ('i g - z aa m - p l!', [0, 1, 0]), ('a z', [1]), ('r e k - t l!', [1, 0]), ('f o - r i n', [1, 0]), ('b o - d iy z', [1, 0])]","('i n - s @@r t', [0, 1])"
2509,"[('uh - dh @', [1, 0]), ('k o - m @ n', [1, 0]), ('m ou d z', [1]), ('@ - v ei l - @ - b l!', [0, 1, 0, 0]), ('i n', [1]), ('p ii', [1]), ('k ii - b oo d z', [1, 3]), ('aa', [1]), ('i n - s @@r t', [1, 0]), ('a n d', [1]), ('dh ii', [0]), ('uh - dh @', [1, 0]), ('l o k', [1]), ('k ii z', [1]), ('n uh m', [1]), ('l o k', [1]), ('a n d', [1]), ('s k r ou lw', [1]), ('l o k', [1])]","('i n - s @@r t', [0, 1])"
2512,"[('f a - b r i k - ei t', [1, 0, 0]), ('a n d', [1]), ('i n - s @@r t', [1, 0]), ('d e n - ch @ z', [1, 0]), ('i n', [1]), ('dh @', [0]), ('m ow dh z', [1]), ('o v', [1]), ('p ei - sh n! t s', [1, 0])]","('i n - s @@r t', [0, 1])"
2513,"[('k p f', [1]), ('w uh n', [1]), ('@ - p i@ z', [0, 1]), ('t uu', [0]), ('b ii', [1]), ('m oo', [1]), ('ei - b l!', [1, 0]), ('t uu', [0]), ('i n - s @@r t', [1, 0]), ('n y uu', [1]), ('s ii - k w @ n s - i z', [1, 0, 0]), ('a t', [1]), ('dh @', [0]), ('k uh t', [1]), ('s ai t', [1]), ('k @ m - p eir d', [0, 1]), ('t uu', [0]), ('k a s', [1]), ('n ai n', [1])]","('i n - s @@r t', [0, 1])"
2534,"[('dh ii z', [1]), ('l e d', [1]), ('w ei t s', [1]), ('w @@r', [1]), ('d e - k @ r - ei t - i d', [1, 0, 2, 0]), ('w i dh', [1]), ('i - n a - m l! - i ng', [0, 1, 0, 0]), ('i n - s @@r t', [1, 0]), ('k oi n z', [1]), ('oo', [1]), ('k uh t', [1]), ('uh p', [1]), ('oo - n @ - m e n t - l!', [2, 0, 1, 0]), ('m e - t l! - w @@r k', [1, 0, 2])]","('i n - s @@r t', [0, 1])"
2550,"[('p l a - s t i k', [1, 0]), ('s p ai - r @ lw', [1, 0]), ('b ai n d - i ng', [1, 0]), ('i z', [1]), ('ei', [1]), ('th r ii', [1]), ('s t e p', [1]), ('p r ou - s e s', [1, 0]), ('p uh n ch', [1]), ('i n - s @@r t', [1, 0]), ('k r i m p', [1])]","('i n - s @@r t', [0, 1])"
2561,"[('dh eir', [1]), ('m ei', [1]), ('oo lw - s ou', [1, 0]), ('b ii', [1]), ('i n - s @@r t', [0, 1]), ('p oi n t s', [1]), ('f @', [0]), ('ei', [1]), ('s @@r - t @ n', [1, 0]), ('b uh s', [1]), ('oo', [1]), ('ii - v n!', [1, 0]), ('dh ii', [0]), ('i n - t ai @', [0, 1]), ('m i k s', [1])]","('i n - s @@r t', [1, 0])"
2582,"[('y uu z - @ z', [1, 0]), ('aa', [1]), ('oo lw - s ou', [1, 0]), ('ei - b l!', [1, 0]), ('t uu', [0]), ('i n - s @@r t', [1, 0]), ('ei', [1]), ('uh s b', [1]), ('k ii - b oo d', [1, 3]), ('i n - t uu', [1, 0]), ('dh @', [0]), ('w ai', [1]), ('s i - s t @ m', [1, 0]), ('f @', [0]), ('t e k s t', [1]), ('i n - p uh t', [1, 3])]","('i n - s @@r t', [0, 1])"
2584,"[('dh @', [0]), ('d uh k - t @ s', [1, 0]), ('s i - m i - n l! - i s', [0, 1, 0, 0]), ('i n - s @@r t', [1, 0]), ('f r o m', [1]), ('@ - b uh v', [0, 1]), ('ei', [1]), ('b i t', [1]), ('b i - f oo', [0, 1]), ('dh @', [0]), ('f oo - w @ d', [1, 0]), ('e jh', [1]), ('o v', [1]), ('dh ii', [0]), ('a n - t r @ m', [1, 0])]","('i n - s @@r t', [0, 1])"
2586,"[('t a t', [1]), ('e k - s i - k y uu t s', [1, 0, 0]), ('s e - v n!', [1, 0]), ('p r ii', [1]), ('d i - f ai n d', [0, 1]), ('t r a n - z a k - sh n! z', [0, 1, 0]), ('dh a t', [1]), ('i n - s @@r t', [1, 0]), ('uh p - d ei t', [1, 3]), ('d i - l ii t', [0, 1]), ('a n d', [1]), ('k w i@ - r iy', [1, 0]), ('dh @', [0]), ('d aa - t @', [1, 0]), ('i n', [1]), ('dh @', [0]), ('d a - t @ - b @ s', [1, 0, 0])]","('i n - s @@r t', [0, 1])"
2600,"[('i n - k l ai n', [0, 1]), ('k r ii k', [1]), ('a n d', [1]), ('i t s', [1]), ('@ - s ou - s iy - ei t - i d', [0, 1, 0, 2, 0]), ('t r ei lw', [1]), ('@ - s e n d z', [0, 1]), ('g r a - jh uw @ l - iy', [1, 0, 0]), ('t uu', [0]), ('k a m p', [1]), ('f o lw - s m!', [1, 0]), ('a n d', [1]), ('b a k', [1]), ('t uu', [0]), ('dh @', [0]), ('d ai @ - m @ n d', [1, 0]), ('p ii k', [1]), ('r i - z oo t', [0, 1])]","('i n - k l ai n', [1, 0])"
2606,"[('w i ch - e - v @', [3, 1, 0]), ('w ei', [1]), ('dh @', [0]), ('b r aa n ch - i z', [1, 0]), ('o v', [1]), ('dh @', [0]), ('b i t', [1]), ('i n - k l ai n', [1, 0]), ('dh @', [0]), ('h oo s - i z', [1, 0]), ('m ow th', [1]), ('oo lw - w ei z', [1, 0]), ('g ou z', [1]), ('t uu', [0]), ('dh @', [0]), ('k o n - t r @ - r iy', [1, 0, 0])]","('i n - k l ai n', [0, 1])"
2637,"[('h i z', [1]), ('w i - m i n', [1, 0]), ('aa', [1]), ('s l i m', [1]), ('a n d', [1]), ('l o ng', [1]), ('l i m d', [1]), ('h i z', [1]), ('m e n', [1]), ('i n - k l ai n', [1, 0]), ('t uu', [0]), ('p l uh m p - n @ s', [1, 0]), ('a n d', [1]), ('b ou th', [1]), ('i n - jh oi', [0, 1]), ('t ei - p @ r - i ng', [1, 0, 0]), ('f i ng - g @ z', [1, 0]), ('a n d', [1]), ('t ou z', [1])]","('i n - k l ai n', [0, 1])"
2669,"[('ch i lw - d r @ n', [1, 0]), ('n a ch - r @ l - iy', [1, 0, 0]), ('i n - k l ai n', [1, 0]), ('t uu', [0]), ('a k t - i v - @ - t iy', [0, 1, 0, 0]), ('t uu', [0]), ('k o n - v @ s - ei - sh n!', [2, 0, 1, 0]), ('k r iy - ei - sh n!', [0, 1, 0]), ('a n d', [1]), ('i ng - k w ai @ r - iy', [0, 1, 0])]","('i n - k l ai n', [0, 1])"
4563,"[('i n', [1]), ('ei', [1]), ('s @ - p r ai z', [0, 1]), ('uh p - s e t', [1, 3]), ('a t', [1]), ('dh @', [0]), ('n a sh - n l!', [1, 0]), ('ch a m - p iy @ n - sh i p s', [1, 0, 2]), ('f r ei - t @', [1, 0]), ('w o z', [1]), ('b ii t - @ n', [1, 0]), ('i n - t uu', [1, 0]), ('s e - k @ n d', [1, 0]), ('p l ei s', [1]), ('i n', [1]), ('dh @', [0]), ('w uh n', [1]), ('h uh n - d r @ d', [1, 0]), ('e m', [1]), ('f ai - n l!', [1, 0])]","('uh p - s e t', [3, 1])"
4564,"[('i n', [1]), ('ei', [1]), ('s t aa - t l! - i ng', [1, 0, 0]), ('uh p - s e t', [1, 3]), ('m a n - d l!', [1, 0]), ('l o s t', [1]), ('dh @', [0]), ('k r ow n', [1]), ('w e n', [1]), ('h ii', [1]), ('w o z', [1]), ('k ou d', [1]), ('b ai', [1]), ('a lw', [1]), ('s i ng - @', [1, 0]), ('i n', [1]), ('dh @', [0]), ('f @@r s t', [1]), ('r ow n d', [1])]","('uh p - s e t', [3, 1])"
4573,"[('i t', [1]), ('w o z', [1]), ('dh @', [0]), ('b i g - i s t', [1, 0]), ('s @ - p r ai z', [0, 1]), ('uh p - s e t', [1, 3]), ('o v', [1]), ('dh @', [0]), ('s ii - z n!', [1, 0]), ('w i dh', [1]), ('l e m', [1]), ('w i n - i ng', [1, 0]), ('dh @', [0]), ('s e - v n! z', [1, 0]), ('a n d', [1]), ('g r a n d', [1]), ('s l a m', [1])]","('uh p - s e t', [3, 1])"
4575,"[('t e - d iy', [1, 0]), ('b r i jh - w oo - t @', [1, 2, 0]), ('p ei s - i z', [1, 0]), ('l uu - ii - v i lw', [1, 0, 0]), ('t uu', [0]), ('s t uh n - i ng', [1, 0]), ('uh p - s e t', [1, 3]), ('o v', [1]), ('f l o - r i - d @', [1, 0, 0])]","('uh p - s e t', [3, 1])"
4606,"[('dh @', [0]), ('m i - sh i - g @ n', [1, 0, 0]), ('s t ei - d iy @ m', [1, 0]), ('k r ow d', [1]), ('s e n s - i ng', [1, 0]), ('ei', [1]), ('m ei - jh @', [1, 0]), ('uh p - s e t', [1, 3]), ('b i - g a n', [0, 1]), ('s k r ii m - i ng', [1, 0]), ('a n d', [1]), ('ch aa n t - i ng', [1, 0])]","('uh p - s e t', [3, 1])"
4632,"[('dh @', [0]), ('p l ei', [1]), ('p r uu v d', [1]), ('v ai - t l!', [1, 0]), ('i n', [1]), ('t e - n i - s ii z', [2, 0, 1]), ('uh p - s e t', [1, 3]), ('o v', [1]), ('s ow th', [1]), ('k a - r @ - l ai - n @', [2, 0, 1, 0])]","('uh p - s e t', [3, 1])"
5083,"[('w i - sh aa t', [1, 0]), ('r i - t @@r n d', [0, 1]), ('t uu', [0]), ('m y uu - z i k', [1, 0]), ('i n', [1]), ('t uu', [1]), ('th ow - z n! d', [1, 0]), ('s e - v n!', [1, 0]), ('@ k - s e p t - i ng', [0, 1, 0]), ('a n', [1]), ('i n - v ai t', [0, 1]), ('f r o m', [1]), ('d o n', [1]), ('f oo lw - k @ n', [1, 0]), ('o v', [1]), ('s p i - r i t s', [1, 0]), ('b @@r n - i ng', [1, 0])]","('i n - v ai t', [1, 0])"
5085,"[('dh @', [0]), ('g ei m', [1]), ('@ - r i - jh i n - @ l - iy', [0, 1, 0, 0, 0]), ('g ei v', [1]), ('a n', [1]), ('oo - t @ - m a - t i k', [2, 0, 1, 0]), ('i n - v ai t', [0, 1]), ('t uu', [0]), ('ei', [1]), ('t ii m', [1]), ('f r o m', [1]), ('dh @', [0]), ('n ow', [1]), ('d i - f uh ng k t', [0, 1]), ('s ow th - w e s t', [3, 1]), ('k o n - f @ r - @ n s', [1, 0, 0]), ('s w uh k', [1])]","('i n - v ai t', [1, 0])"
5089,"[('n ou', [1]), ('i n - v ai t', [0, 1]), ('h a d', [1]), ('b ii n', [1]), ('i k - s t e n d - i d', [0, 1, 0]), ('t uu', [0]), ('ai - dh @', [1, 0]), ('dh e m', [1]), ('oo', [1]), ('l i - v @ - p uu lw', [1, 0, 0]), ('h uu', [1]), ('h a d', [1]), ('f i - n i sh t', [1, 0]), ('b o - t @ m', [1, 0]), ('o v', [1]), ('dh @', [0]), ('f @@r s t', [1]), ('d i - v i - zh n!', [0, 1, 0])]","('i n - v ai t', [1, 0])"
5090,"[('d i - s p ai t', [0, 1]), ('dh @', [0]), ('s @ k - s e s', [0, 1]), ('dh @', [0]), ('r a m z', [1]), ('d i d - n! t', [1, 0]), ('g e t', [1]), ('ei', [1]), ('b ou lw', [1]), ('i n - v ai t', [0, 1]), ('dh a t', [1]), ('s ii - z n!', [1, 0])]","('i n - v ai t', [1, 0])"
5100,"[('k uh - l uu m', [0, 1]), ('w o z', [1]), ('oo lw - s ou', [1, 0]), ('a n', [1]), ('i n - v ai t', [0, 1]), ('t uu', [0]), ('dh @', [0]), ('t r ei n - i ng', [1, 0]), ('k a m p', [1]), ('f @', [0]), ('k a - n @ - d @ z', [1, 0, 0]), ('e n - t r iy', [1, 0]), ('i n', [1]), ('dh @', [0]), ('t uu', [1]), ('th ow - z n! d', [1, 0]), ('f ai v', [1]), ('w @@r lw d', [1]), ('jh uu - n iy @', [1, 0]), ('ai s', [1]), ('h o - k iy', [1, 0]), ('ch a m - p iy @ n - sh i p s', [1, 0, 0])]","('i n - v ai t', [1, 0])"
5106,"[('dh ei', [1]), ('oo lw - s ou', [1, 0]), ('h ou s t', [1]), ('a n', [1]), ('a - n y uw @ lw', [1, 0]), ('i n - v ai t', [0, 1]), ('a t', [1]), ('dh ii', [0]), ('uh p - @', [1, 0]), ('v a - l iy', [1, 0]), ('@ - k w a - t i k', [0, 1, 0]), ('s e n - t @', [1, 0]), ('i n', [1]), ('n i@ - b ai', [3, 1]), ('w ai t', [1]), ('r i - v @', [1, 0]), ('jh uh ng k - sh n!', [1, 0]), ('v ii', [1])]","('i n - v ai t', [1, 0])"
5110,"[('ch ei m - b @ z', [1, 0]), ('d i d', [1]), ('n o t', [1]), ('i m - p r e s', [0, 1]), ('dh ii', [0]), ('ii - g l! z', [1, 0]), ('p @@r - s n! - e lw', [2, 0, 1]), ('i - n uh f', [0, 1]), ('t uu', [0]), ('r i - s ii v', [0, 1]), ('a n', [1]), ('i n - v ai t', [0, 1]), ('t uu', [0]), ('dh ii', [0]), ('ii - g l! z', [1, 0]), ('m ai - n iy', [1, 0]), ('k a m p', [1])]","('i n - v ai t', [1, 0])"
5113,"[('dh i s', [1]), ('v i k - t @ - r iy', [1, 0, 0]), ('@@r n d', [1]), ('sh eir', [1]), ('a n', [1]), ('i n - v ai t', [0, 1]), ('t uu', [0]), ('dh @', [0]), ('t w e n - t iy', [1, 0]), ('th @@r - t ii n', [0, 1]), ('aa - n l! d', [1, 0]), ('s t r o ng - m @ n', [1, 0]), ('k l a s - i k', [1, 0])]","('i n - v ai t', [1, 0])"
5119,"[('o n', [1]), ('m ei', [1]), ('n ai n th', [1]), ('t uu', [1]), ('th ow - z n! d', [1, 0]), ('s e - v n!', [1, 0]), ('l a n z - d ei lw', [1, 0]), ('k a th - l i k', [1, 0]), ('@ d - m i - n i - s t r ei t - @ z', [0, 1, 0, 2, 0]), ('@ - n ow n s t', [0, 1]), ('dh a t', [1]), ('dh ei', [1]), ('h a v', [1]), ('@ k - s e p t - i d', [0, 1, 0]), ('a n', [1]), ('i n - v ai t', [0, 1]), ('t uu', [0]), ('dh @', [0]), ('f i - l @ - d e lw - f iy @', [2, 0, 1, 0]), ('k a th - l i k', [1, 0]), ('l ii g', [1])]","('i n - v ai t', [1, 0])"
5122,"[('dh i s', [1]), ('v i k - t @ - r iy', [1, 0, 0]), ('@@r n d', [1]), ('h i m', [1]), ('h i z', [1]), ('p r ou', [1]), ('s t r o ng - m @ n', [1, 0]), ('k aa d', [1]), ('a z', [1]), ('w e lw', [1]), ('a z', [1]), ('a n', [1]), ('i n - v ai t', [0, 1]), ('t uu', [0]), ('dh @', [0]), ('t w e n - t iy', [1, 0]), ('i - l e - v n!', [0, 1, 0]), ('aa - n l! d', [1, 0]), ('s t r o ng - m @ n', [1, 0]), ('k l a s - i k', [1, 0])]","('i n - v ai t', [1, 0])"
5124,"[('oo s t', [1]), ('w i n z', [1]), ('i n - v ai t', [0, 1]), ('t uu', [0]), ('n e k s t', [1]), ('y i@ z', [1]), ('@ - s ii n', [0, 1]), ('s uh - m i t', [1, 0])]","('i n - v ai t', [1, 0])"
5128,"[('s ai n d', [1]), ('f r ii', [1]), ('ei - jh @ n t', [1, 0]), ('i f', [1]), ('a n - d iy', [1, 0]), ('l a - r @ sh', [1, 0]), ('t uu', [0]), ('ei', [1]), ('m ai - n @', [1, 0]), ('l ii g', [1]), ('d ii lw', [1]), ('w i dh', [1]), ('a n', [1]), ('i n - v ai t', [0, 1]), ('t uu', [0]), ('b i g', [1]), ('l ii g', [1]), ('k a m p', [1])]","('i n - v ai t', [1, 0])"
5137,"[('dh @', [0]), ('g r uu p s', [1]), ('b oo d', [1]), ('w o z', [1]), ('i n - v ai t - i d', [0, 1, 0]), ('t uu', [0]), ('dh ii', [0]), ('i n - v ai t', [0, 1]), ('ou n - l iy', [1, 0]), ('l oo n ch', [1]), ('o v', [1]), ('dh @', [0]), ('k i t s', [1]), ('a n d', [1]), ('l ou - g ou', [1, 0]), ('t uu', [0]), ('b ii', [1]), ('y uu s t', [1]), ('i n', [1]), ('e lw z', [1])]","('i n - v ai t', [1, 0])"
5142,"[('uh n - d r aa f t - i d', [0, 1, 0]), ('b ai', [1]), ('ei', [1]), ('n a sh - n l!', [1, 0]), ('h o - k iy', [1, 0]), ('l ii g', [1]), ('n e lw', [1]), ('k l uh b', [1]), ('t e - s iy @', [1, 0]), ('@@r n d', [1]), ('a n', [1]), ('i n - v ai t', [0, 1]), ('t uu', [0]), ('dh @', [0]), ('m o n - t r iy - oo lw', [2, 0, 1]), ('k @ - n ei - d iy @ n z', [0, 1, 0]), ('t r ei n - i ng', [1, 0]), ('k a m p', [1]), ('i n', [1]), ('t uu', [1]), ('th ow - z n! d', [1, 0])]","('i n - v ai t', [1, 0])"
5144,"[('dh ii', [0]), ('i - v e n t s', [0, 1]), ('aa', [1]), ('i n - v ai t', [0, 1]), ('ou n - l iy', [1, 0]), ('a n d', [1]), ('aa', [1]), ('d i - z ai n d', [0, 1]), ('t uu', [0]), ('i n - t r @ - d y uu s', [2, 0, 1]), ('oo lw - t @@r - n @ t - i v', [0, 1, 0, 0]), ('p r ou - t ei n', [1, 0]), ('s oo s - i z', [1, 0]), ('a z', [1]), ('w e lw', [1]), ('a z', [1]), ('s e - l @ - b r ei t', [1, 0, 0]), ('n ei - t i v', [1, 0]), ('ii t - i ng', [1, 0]), ('t r @ - d i - sh n! z', [0, 1, 0])]","('i n - v ai t', [1, 0])"
5146,"[('w ii', [1]), ('h a d', [1]), ('i n - d @ - s t r iy', [1, 0, 0]), ('f r e n d z', [1]), ('@ - k w ei n t - @ n s - i z', [0, 1, 0, 0]), ('a n d', [1]), ('dh ii', [0]), ('o d', [1]), ('f r ii', [1]), ('l ou d - @', [1, 0]), ('dh a t', [1]), ('w ii', [1]), ('h a n d - i d', [1, 0]), ('ow t', [1]), ('a n', [1]), ('i n - v ai t', [0, 1]), ('t uu', [0]), ('o n', [1]), ('dh @', [0]), ('r ou d', [1])]","('i n - v ai t', [1, 0])"
5147,"[('d y uu', [1]), ('t uu', [0]), ('l i - m i t - i d', [1, 0, 0]), ('@ - v ei l - @ - b i l - @ - t iy', [0, 2, 0, 1, 0, 0]), ('dh @', [0]), ('f ou n', [1]), ('k u d', [1]), ('i - n i - sh l! - iy', [0, 1, 0, 0]), ('ou n - l iy', [1, 0]), ('b ii', [1]), ('p @@r - ch i s t', [1, 0]), ('th r uu', [1]), ('a n', [1]), ('i n - v ai t', [0, 1]), ('s i - s t @ m', [1, 0])]","('i n - v ai t', [1, 0])"
5152,"[('o n', [1]), ('n ou - v e m - b @', [0, 1, 0]), ('t w e n - t iy', [1, 0]), ('s i k s th', [1]), ('t w e n - t iy', [1, 0]), ('i - l e - v n!', [0, 1, 0]), ('dh @', [0]), ('l uw - ii - z iy - a - n @', [0, 2, 0, 1, 0]), ('t e k', [1]), ('b u lw - d o g z', [1, 0]), ('@ k - s e p t - i d', [0, 1, 0]), ('a n', [1]), ('i n - v ai t', [0, 1]), ('t uu', [0]), ('r e - p r i - z e n t', [2, 0, 1]), ('dh @', [0]), ('w o k', [1])]","('i n - v ai t', [1, 0])"
5157,"[('dh @', [0]), ('g r uh b z', [1]), ('r i - s ii v', [0, 1]), ('dh ii', [0]), ('i n - v ai t', [0, 1]), ('a n d', [1]), ('t r ei s', [1]), ('i t', [1]), ('b a k', [1]), ('t uu', [0]), ('@@r th', [1])]","('i n - v ai t', [1, 0])"
5628,"[('m oo r - ou - v @', [3, 1, 0]), ('w e n - e - v @', [3, 1, 0]), ('dh ei', [1]), ('d r oo', [1]), ('d i - s k aa d', [1, 0]), ('dh ei', [1]), ('m uh s t', [1]), ('i n - sh ur', [0, 1]), ('dh eir', [1]), ('h a n d', [1]), ('s t ei z', [1]), ('uh n - d @', [1, 0]), ('t w e lw v', [1]), ('p oi n t s', [1])]","('d i - s k aa d', [0, 1])"
5689,"[('k @@r s t', [1]), ('l e - g @ - s iy', [1, 0, 0]), ('r i - l ii s t', [0, 1]), ('dh ii', [0]), ('i k - s k l uu s - i v', [0, 1, 0]), ('d i - jh i t - l!', [1, 0, 0]), ('a lw - b @ m', [1, 0]), ('d i - s k aa d', [1, 0]), ('w uh n s', [1]), ('m ou - sh n! - l @ s', [1, 0, 0]), ('th r uu', [1]), ('b a n d - k a m p', [1, 3]), ('o n', [1]), ('ei', [1]), ('p ei', [1]), ('w o t', [1]), ('y uu', [1]), ('w o n t', [1]), ('b ei - s i s', [1, 0])]","('d i - s k aa d', [0, 1])"
5692,"[('i n', [1]), ('oo - d @', [1, 0]), ('t uu', [0]), ('d uu', [1]), ('dh i s', [1]), ('p l ei @ z', [1]), ('m uh s t', [1]), ('b ii', [1]), ('ei - b l!', [1, 0]), ('t uu', [0]), ('m e lw d', [1]), ('dh @', [0]), ('t o p', [1]), ('d i - s k aa d', [0, 1])]","('d i - s k aa d', [1, 0])"
5703,"[('r a - ch i t', [1, 0]), ('w o z', [1]), ('ei - b l!', [1, 0]), ('t uu', [0]), ('y uu z', [1]), ('dh @', [0]), ('d i - s k aa d', [0, 1]), ('p r ou - t @ - t ai p', [1, 0, 0]), ('p r i - t e n d - @', [0, 1, 0]), ('sh e lw z', [1]), ('t uu', [0]), ('r i - v ai v', [0, 1]), ('g r i m - l o k', [1, 0]), ('jh a z', [1]), ('a n d', [1]), ('b uh m - b l! - b ii', [1, 0, 2]), ('a n d', [1]), ('d i - f ii t - i d', [0, 1, 0]), ('m e - g @ - t r @ n z', [1, 0, 0]), ('p l a n', [1])]","('d i - s k aa d', [1, 0])"
5970,"[('dh a t', [1]), ('i z', [1]), ('dh ii', [0]), ('i n - v @@r s', [1, 0]), ('w ei v - l i t', [1, 0]), ('t r a n s - f oo m', [0, 1]), ('i z', [1]), ('dh ii', [0]), ('@ - jh oi n t', [0, 1]), ('o v', [1]), ('dh @', [0]), ('w ei v - l i t', [1, 0]), ('t r a n s - f oo m', [0, 1])]","('t r a n s - f oo m', [1, 0])"
5972,"[('dh @', [0]), ('m ai - k r @ - f ou n z', [1, 0, 2]), ('d i - t e k t', [0, 1]), ('p i ch', [1]), ('y uu z - i ng', [1, 0]), ('d i - jh i - t l!', [1, 0, 0]), ('s i g - n l!', [1, 0]), ('p r ou - s e s - i ng', [1, 0, 0]), ('w i ch', [1]), ('a - n @ l - ai z - i z', [1, 0, 2, 0]), ('dh @', [0]), ('f r ii - k w @ n s - iy', [1, 0, 0]), ('o v', [1]), ('dh ii', [0]), ('i n - k uh m - i ng', [1, 2, 0]), ('s i g - n l!', [1, 0]), ('v ai @', [1]), ('f aa s t', [1]), ('f u - r iy @', [1, 0]), ('t r a n s - f oo m', [0, 1])]","('t r a n s - f oo m', [1, 0])"
5974,"[('dh @', [0]), ('g ei - b @', [1, 0]), ('t r a n s - f oo m', [0, 1]), ('h a z', [1]), ('m e - n iy', [1, 0]), ('p r o - p @ - t iy z', [1, 0, 0]), ('l ai k', [1]), ('dh ou z', [1]), ('o v', [1]), ('dh @', [0]), ('f ur - r iy @', [1, 0]), ('t r a n s - f oo m', [0, 1])]","('t r a n s - f oo m', [1, 0])"
5976,"[('v p ii', [1]), ('ei t', [1]), ('i z', [1]), ('ei', [1]), ('t r @ - d i - sh n! - @ lw', [0, 1, 0, 0]), ('b l o k', [1]), ('b ei s t', [1]), ('t r a n s - f oo m', [0, 1]), ('k ou d - i ng', [1, 0]), ('f oo - m a t', [1, 0])]","('t r a n s - f oo m', [1, 0])"
5978,"[('i k - s t e n d - i d', [0, 1, 0]), ('p r i - s i - zh n!', [0, 1, 0]), ('p r ou - s e s - i ng', [1, 0, 0]), ('y uu z - i ng', [1, 0]), ('a n', [1]), ('i k - s t e n d - i d', [0, 1, 0]), ('d ai - n a - m i k', [0, 1, 0]), ('r ei n jh', [1]), ('f @', [0]), ('i n - t @', [1, 0]), ('p r i - d i k - sh n!', [0, 1, 0]), ('i n - t @@r - p @ - l ei - sh n!', [0, 2, 0, 1, 0]), ('a n d', [1]), ('i n - v @@r s', [0, 1]), ('t r a n s - f oo m', [0, 1])]","('t r a n s - f oo m', [1, 0])"
5981,"[('t i p - i - k l iy', [1, 0, 0]), ('dh i s', [1]), ('i z', [1]), ('d uh n', [1]), ('v ai @', [1]), ('sh oo t', [1]), ('t ai m', [1]), ('f aa s t', [1]), ('f u - r iy @', [1, 0]), ('t r a n s - f oo m', [0, 1]), ('s t f f t', [1])]","('t r a n s - f oo m', [1, 0])"
5987,"[('dh eir', [1]), ('i z', [1]), ('oo lw - s ou', [1, 0]), ('a n', [1]), ('a - n @ - l o g', [1, 0, 0]), ('o v', [1]), ('dh @', [0]), ('k o n - v @ - l uu - sh n!', [2, 0, 1, 0]), ('th i@ - r @ m', [1, 0]), ('f @', [0]), ('dh @', [0]), ('h aa t - l iy', [1, 0]), ('t r a n s - f oo m', [0, 1])]","('t r a n s - f oo m', [1, 0])"
5991,"[('dh @', [0]), ('t r a n z - l a sh - n l!', [0, 1, 0]), ('a - d a p t - ei - sh n!', [2, 0, 1, 0]), ('t r a n s - f oo m', [0, 1]), ('y uu s t', [1]), ('i n', [1]), ('s i - l uh v', [0, 1]), ('h a z', [1]), ('oo lw - s ou', [1, 0]), ('b ii n', [1]), ('sh ou n', [1]), ('t uu', [0]), ('p @ - f oo m', [0, 1]), ('p oo - l iy', [1, 0]), ('i n', [1]), ('p r i - d i k t - i ng', [0, 1, 0]), ('k o - r i - s p o n d - i ng', [2, 0, 1, 0]), ('k uh - l @ z', [1, 0])]","('t r a n s - f oo m', [1, 0])"
5995,"[('i t', [1]), ('i z', [1]), ('n o t', [1]), ('p o - s i - b l!', [1, 0, 0]), ('i n', [1]), ('jh e n - r @ lw', [1, 0]), ('t uu', [0]), ('d i - t @@r - m i n', [0, 1, 0]), ('k oo z - a l - @ - t iy', [0, 1, 0, 0]), ('f r o m', [1]), ('dh @', [0]), ('l a - p l ei s', [0, 1]), ('t r a n s - f oo m', [0, 1]), ('b i - k o z', [0, 1]), ('dh ii', [0]), ('i n - v @@r s', [1, 0]), ('t r a n s - f oo m', [0, 1]), ('i z', [1]), ('n o t', [1]), ('y uw - n ii k', [0, 1])]","('t r a n s - f oo m', [1, 0])"
5996,"[('r e - l @ t - i v', [1, 0, 0]), ('t uu', [0]), ('dh @', [0]), ('f ow r - iy @', [1, 0]), ('t r a n s - f oo m', [0, 1]), ('i m - p l e - m @ n t - ei - sh n!', [0, 2, 0, 1, 0]), ('o v', [1]), ('dh i s', [1]), ('t r a n s - f oo m', [0, 1]), ('i z', [1]), ('m oo', [1]), ('t r i k - iy', [1, 0])]","('t r a n s - f oo m', [1, 0])"
5997,"[('dh eir', [1]), ('aa', [1]), ('m e - n iy', [1, 0]), ('d i - f r @ n t', [1, 0]), ('s t r a - t @ - jh iy z', [1, 0, 0]), ('f @', [0]), ('ch uu z - i ng', [1, 0]), ('ei', [1]), ('p r @ - jh e k t - i v', [0, 1, 0]), ('t r a n s - f oo m', [0, 1]), ('ei ch', [1]), ('f @', [0]), ('ii ch', [1]), ('i - m i jh', [1, 0]), ('f r o m', [1]), ('oo lw', [1]), ('p o - s i - b l!', [1, 0, 0]), ('s @ - l uu - sh n! z', [0, 1, 0])]","('t r a n s - f oo m', [1, 0])"
5998,"[('v oo - b i s', [1, 0]), ('ai', [1]), ('i z', [1]), ('ei', [1]), ('f oo - w @ d', [1, 0]), ('@ - d a p - t i v', [0, 1, 0]), ('m o - n @ - l i th - i k', [2, 0, 1, 0]), ('t r a n s - f oo m', [0, 1]), ('k ou - d e k', [1, 0]), ('b ei s t', [1]), ('o n', [1]), ('dh @', [0]), ('m o - d i - f ai d', [1, 0, 0]), ('d i - s k r ii t', [0, 1]), ('k ou - z n!', [1, 0]), ('t r a n s - f oo m', [0, 1]), ('m a k t', [1])]","('t r a n s - f oo m', [1, 0])"
6001,"[('k o n - jh u - g @ t', [1, 0, 0]), ('h aa - m o - n i k', [0, 1, 0]), ('f uh ng k - sh n! z', [1, 0]), ('a n d', [1]), ('s ou', [1]), ('oo lw - s ou', [1, 0]), ('dh @', [0]), ('h i lw - b @ t', [1, 0]), ('t r a n s - f oo m', [0, 1]), ('aa', [1]), ('@ - s ou - s iy - ei t - i d', [0, 1, 0, 2, 0]), ('w i dh', [1]), ('dh ii', [0]), ('@ - s i m p - t @ - t i k s', [0, 1, 0, 0]), ('o v', [1]), ('dh @', [0]), ('p oi - s n!', [1, 0]), ('k @@r - n l!', [1, 0])]","('t r a n s - f oo m', [1, 0])"
6003,"[('dh @', [0]), ('f ow r - iy @', [1, 0]), ('t r a n s - f oo m', [0, 1]), ('o v', [1]), ('dh @', [0]), ('r i - z uh lw t', [0, 1]), ('i z', [1]), ('dh @', [0]), ('s k w eir d', [1]), ('v a - l y uu z', [1, 0]), ('o v', [1]), ('dh @', [0]), ('t r a n s - f oo m', [0, 1]), ('o v', [1]), ('dh @', [0]), ('h aa f', [1]), ('w i t th', [1]), ('r e k - t a ng - g y uw - l @', [0, 1, 0, 0]), ('w i n - d ou', [1, 0])]","('t r a n s - f oo m', [1, 0])"
6010,"[('dh @', [0]), ('l @ - p l ei s', [0, 1]), ('t r a n s - f oo m', [0, 1]), ('o v', [1]), ('dh @', [0]), ('h e - v i - s ai d', [1, 0, 2]), ('s t e p', [1]), ('f uh ng k - sh n!', [1, 0]), ('i z', [1]), ('ei', [1]), ('d i - s t r i - b y uu - sh n!', [2, 0, 1, 0])]","('t r a n s - f oo m', [1, 0])"
6011,"[('i n', [1]), ('d i - f ai n - i ng', [0, 1, 0]), ('dh @', [0]), ('d i - s k r ii t', [0, 1]), ('z a k', [1]), ('t r a n s - f oo m', [0, 1]), ('dh ii', [0]), ('i n - p uh t', [1, 3]), ('f uh ng k - sh n!', [1, 0]), ('i z', [1]), ('ei', [1]), ('f uh ng k - sh n!', [1, 0]), ('o v', [1]), ('a n', [1]), ('i n - t e - g @', [0, 1, 0]), ('v eir - r iy @ - b l!', [1, 0, 0])]","('t r a n s - f oo m', [1, 0])"
6021,"[('h ow - e - v @', [2, 1, 0]), ('n ou t', [1]), ('dh a t', [1]), ('dh i s', [1]), ('t r a n s - f oo m', [0, 1]), ('b i - k uh m z', [0, 1]), ('dh ii', [0]), ('@ - r i - jh i n - @ lw', [0, 1, 0, 0]), ('t r a n s - f oo - m @ z', [0, 1, 0])]","('t r a n s - f oo m', [1, 0])"
6022,"[('dh i s', [1]), ('i z', [1]), ('@ b - t ei n d', [0, 1]), ('b ai', [1]), ('@ - p l ai - i ng', [0, 1, 0]), ('dh ii', [0]), ('i n - v @@r s', [0, 1]), ('t r a n s - f oo m', [0, 1]), ('s a m - p l! - i ng', [1, 0, 0]), ('m e - th @ d', [1, 0])]","('t r a n s - f oo m', [1, 0])"
6027,"[('oo - b i - t r a p', [1, 0, 0]), ('i n - s t r @ - m @ n t s', [1, 0, 0]), ('aa', [1]), ('s i - m i - l @', [1, 0, 0]), ('t uu', [0]), ('f u - r iy @', [1, 0]), ('t r a n s - f oo m', [0, 1]), ('ai @ n', [1]), ('s ai - k l @ - t r o n', [1, 0, 0]), ('r e - z @ - n @ n s', [1, 0, 0]), ('m a s', [1]), ('s p e k - t r o - m i - t @ z', [0, 1, 0, 0]), ('s ii', [1]), ('t e k s t', [1]), ('b i - l ou', [0, 1])]","('t r a n s - f oo m', [1, 0])"
6029,"[('h e n s', [1]), ('w ii', [1]), ('k a n', [1]), ('s ii', [1]), ('dh a t', [1]), ('dh @', [0]), ('k o m - p y uw t - ei - sh n!', [2, 0, 1, 0]), ('o v', [1]), ('h a - d @ - m aa d', [1, 0, 0]), ('t r a n s - f oo m', [0, 1]), ('i z', [1]), ('ei', [1]), ('s p e - sh l!', [1, 0]), ('k ei s', [1]), ('o v', [1]), ('dh @', [0]), ('m p f', [1]), ('p r o - b l @ m', [1, 0])]","('t r a n s - f oo m', [1, 0])"
6033,"[('dh ii', [0]), ('i n - t r @ - d uh k - sh n!', [2, 0, 1, 0]), ('o v', [1]), ('d ii - f e k t s', [1, 0]), ('i n', [1]), ('dh @', [0]), ('k r i - s t l!', [1, 0]), ('l ii d z', [1]), ('t uu', [0]), ('a n', [1]), ('a - s i - m e - t r i k', [2, 0, 1, 0]), ('d i - f r a k - sh n!', [0, 1, 0]), ('p a - t @ n', [1, 0]), ('w i dh', [1]), ('ei', [1]), ('k o m - p l e k s', [1, 0]), ('v a - l y uu d', [1, 0]), ('i n - v @@r s', [1, 0]), ('f u - r iy @', [1, 0]), ('t r a n s - f oo m', [0, 1])]","('t r a n s - f oo m', [1, 0])"
6036,"[('i t', [1]), ('m ei', [1]), ('oo lw - s ou', [1, 0]), ('b ii', [1]), ('i k - s t e n d - i d', [0, 1, 0]), ('t uu', [0]), ('w @@r k', [1]), ('f @', [0]), ('i - v a - l y uw - ei t - i ng', [0, 1, 0, 2, 0]), ('l a - p l aa s', [0, 1]), ('t r a n s - f oo m', [0, 1])]","('t r a n s - f oo m', [1, 0])"
6039,"[('dh @', [0]), ('m o - t i - v ei - sh n!', [2, 0, 1, 0]), ('b i - h ai n d', [0, 1]), ('b a n - d @ - l i t s', [1, 0, 0]), ('i z', [1]), ('t uu', [0]), ('p @ - f oo m', [0, 1]), ('ei', [1]), ('t r a n s - f oo m', [0, 1]), ('o n', [1]), ('f uh ng k - sh n! z', [1, 0]), ('d i - f ai n d', [0, 1]), ('a z', [1]), ('s m uu dh', [1]), ('f uh ng k - sh n! z', [1, 0]), ('o n', [1]), ('s m uu dh - l iy', [1, 0]), ('b ow n d - i d', [1, 0]), ('d @ - m ei n z', [0, 1])]","('t r a n s - f oo m', [1, 0])"
6043,"[('dh @', [0]), ('l uu p', [1]), ('t r a n s - f oo m', [0, 1]), ('d i - f ai n z', [0, 1]), ('dh @', [0]), ('l uu p', [1]), ('r e - p r i - z e n t - ei - sh n!', [2, 0, 0, 1, 0])]","('t r a n s - f oo m', [1, 0])"
6044,"[('dh ii', [0]), ('ii s t - @ n', [1, 0]), ('s ai d z', [1]), ('o v', [1]), ('dh ii z', [1]), ('f l uh d - p l ei n z', [1, 3]), ('aa', [1]), ('b ow n d - i d', [1, 0]), ('b ai', [1]), ('s t r ai k', [1]), ('s l i p', [1]), ('oo', [1]), ('t r a n s - f oo m', [0, 1]), ('f oo lw t s', [1])]","('t r a n s - f oo m', [1, 0])"
6047,"[('n ai - ii v - l iy', [0, 1, 0]), ('w ii', [1]), ('m ai t', [1]), ('t r ai', [1]), ('t uu', [0]), ('@ - p l ai', [0, 1]), ('dh @', [0]), ('m e f', [1]), ('t r a n s - f oo m', [0, 1]), ('d ai - r e k t - l iy', [0, 1, 0])]","('t r a n s - f oo m', [1, 0])"
6051,"[('w ei v - l e t s', [1, 3]), ('aa', [1]), ('l ou - k @ l - ai z d', [1, 0, 0]), ('i n', [1]), ('b ou th', [1]), ('t ai m', [1]), ('a n d', [1]), ('f r ii - k w @ n s - iy', [1, 0, 0]), ('w eir r - a z', [3, 1]), ('dh @', [0]), ('s t a n - d @ d', [1, 0]), ('f ow r - iy @', [1, 0]), ('t r a n s - f oo m', [0, 1]), ('i z', [1]), ('ou n - l iy', [1, 0]), ('l ou - k @ l - ai z d', [1, 0, 0]), ('i n', [1]), ('f r ii - k w @ n s - iy', [1, 0, 0])]","('t r a n s - f oo m', [1, 0])"
6053,"[('dh @', [0]), ('m ou s t', [1]), ('i m - p oo - t @ n t', [0, 1, 0]), ('w uh n', [1]), ('i z', [1]), ('dh @', [0]), ('f ow r - iy @', [1, 0]), ('t r a n s - f oo m', [0, 1])]","('t r a n s - f oo m', [1, 0])"
6057,"[('@ b - t ei n', [0, 1]), ('dh @', [0]), ('n oo - m l! - ai z d', [1, 0, 0]), ('k r o s', [1]), ('k o - r @ - l ei - sh n!', [2, 0, 1, 0]), ('b ai', [1]), ('@ - p l ai - i ng', [0, 1, 0]), ('dh ii', [0]), ('i n - v @@r s', [1, 0]), ('f u - r iy @', [1, 0]), ('t r a n s - f oo m', [0, 1])]","('t r a n s - f oo m', [1, 0])"
9057,"[('dh ii z', [1]), ('p l a n z', [1]), ('h ow - e - v @', [2, 1, 0]), ('w @@r', [1]), ('r i - p ii t - i d - l iy', [0, 1, 0, 0]), ('p ou - s p ou n d', [0, 1]), ('a n d', [1]), ('i - v e n - ch uw @ l - iy', [0, 1, 0, 0]), ('d i - s k aa d - i d', [0, 1, 0]), ('aa f - t @', [1, 0]), ('dh ii', [0]), ('ou - v @ - th r ou', [2, 0, 1]), ('o v', [1]), ('k o - m y uw n - i - z m!', [1, 0, 2, 0]), ('i n', [1]), ('n ai n - t ii n', [0, 1]), ('ei - t iy', [1, 0]), ('n ai n', [1])]","('ou - v @ - th r ou', [1, 0, 2])"
9063,"[('aa f - t @', [1, 0]), ('h i z', [1]), ('ou - v @ - th r ou', [2, 0, 1]), ('i n', [1]), ('n ai n - t ii n', [0, 1]), ('s e - v n! - t iy', [1, 0, 0]), ('n ai n', [1]), ('i t', [1]), ('r i - k uh - v @ d', [0, 1, 0]), ('i t s', [1]), ('@ - r i - jh i n - @ lw', [0, 1, 0, 0]), ('n ei m', [1])]","('ou - v @ - th r ou', [1, 0, 2])"
9067,"[('ou - p iy @ m', [1, 0]), ('p r @ - d uh k - sh n!', [0, 1, 0]), ('i n', [1]), ('a f - g a - n i - s t aa n', [0, 1, 0, 0]), ('h a z', [1]), ('th r ai v d', [1]), ('s i n s', [1]), ('dh ii', [0]), ('uh s', [1]), ('i n - v ei - zh n!', [0, 1, 0]), ('a n d', [1]), ('ou - v @ - th r ou', [2, 0, 1]), ('o v', [1]), ('dh @', [0]), ('t a - l i - b a n', [1, 0, 2]), ('g uh - v @ - m @ n t', [1, 0, 0]), ('i n', [1]), ('t uu', [1]), ('th ow - z n! d', [1, 0]), ('w uh n', [1])]","('ou - v @ - th r ou', [1, 0, 2])"
9068,"[('dh ii z', [1]), ('i k - s k l uu - zh n! z', [0, 1, 0]), ('@ - f e k t', [0, 1]), ('a - n @ k - i s t s', [1, 0, 0]), ('k o - m y uw n - i s t s', [1, 0, 0]), ('t t - a - l i t - eir - r iy @ n z', [0, 2, 2, 0, 1, 0]), ('a n d', [1]), ('a d - v @ - k @ t s', [1, 0, 0]), ('o v', [1]), ('@ - s a - s i n - ei - sh n!', [0, 2, 0, 1, 0]), ('g uh - v @ - m @ n t', [1, 0, 0]), ('ou - v @ - th r ou', [2, 0, 1]), ('b ai', [1]), ('f oo s', [1]), ('d i - s t r uh k - sh n!', [0, 1, 0]), ('o v', [1]), ('p r o - p @ - t iy', [1, 0, 0]), ('a n d', [1]), ('s a - b @ - t i jh', [1, 0, 0])]","('ou - v @ - th r ou', [1, 0, 2])"
9069,"[('dh ii', [0]), ('ou - v @ - th r ou', [2, 0, 1]), ('o v', [1]), ('dh @', [0]), ('p ei - t r iy @ t', [1, 0]), ('p aa - t iy', [1, 0]), ('f oo s t', [1]), ('h i m', [1]), ('t uu', [0]), ('f l ai', [1]), ('f @', [0]), ('h i z', [1]), ('s ei f - t iy', [1, 0]), ('t uu', [0]), ('f r aa n s', [1])]","('ou - v @ - th r ou', [1, 0, 2])"
9079,"[('sh oo t - l iy', [1, 0]), ('aa f - t @', [1, 0]), ('dh ii', [0]), ('ou - v @ - th r ou', [2, 0, 1]), ('o v', [1]), ('m i - l @ - s e - v i k', [2, 0, 1, 0]), ('p @ - p o v - i k', [0, 1, 0]), ('l e f t', [1]), ('o t - p @', [1, 0])]","('ou - v @ - th r ou', [1, 0, 2])"
9081,"[('r i - l ei - sh n! z', [0, 1, 0]), ('b i - t w ii n', [0, 1]), ('o - s t r iy @', [1, 0]), ('h uh ng - g @ - r iy', [1, 0, 0]), ('a n d', [1]), ('s @@r - b iy @', [1, 0]), ('d i - t i@ - r iy @ - r ei t - i d', [0, 1, 0, 2, 0]), ('i n', [1]), ('dh ii', [0]), ('aa f - t @ - m aa th', [1, 0, 2]), ('o v', [1]), ('dh @', [0]), ('m ei', [1]), ('ou - v @ - th r ou', [2, 0, 1]), ('i n', [1]), ('n ai n - t ii n', [0, 1]), ('ou', [1]), ('th r ii', [1])]","('ou - v @ - th r ou', [1, 0, 2])"
9085,"[('h ii', [1]), ('w o z', [1]), ('dh uh s', [1]), ('@ - m uh ng', [0, 1]), ('dh @', [0]), ('l ii d - @ z', [1, 0]), ('o v', [1]), ('h @@r', [1]), ('ou - v @ - th r ou', [2, 0, 1]), ('b ai', [1]), ('dh @', [0]), ('jh e n - r @ lw', [1, 0]), ('l o - g o - th @ t', [0, 1, 0]), ('n ai - k @ - f r o s', [1, 0, 0]), ('ai', [1]), ('o n', [1]), ('dh @', [0]), ('th @@r - t iy', [1, 0]), ('f @@r s t', [1]), ('o v', [1]), ('o k - t ou - b @', [0, 1, 0]), ('ei t', [1]), ('h uh n - d r @ d', [1, 0]), ('a n d', [1]), ('t uu', [1])]","('ou - v @ - th r ou', [1, 0, 2])"
9088,"[('h ii', [1]), ('b i - k ei m', [0, 1]), ('dh @', [0]), ('s o - v r i n', [1, 0]), ('o v', [1]), ('dh ii', [0]), ('i ng - g l i sh', [1, 0]), ('g uh - v @ - m @ n t', [1, 0, 0]), ('b ai', [1]), ('dh ii', [0]), ('ou - v @ - th r ou', [2, 0, 1]), ('o v', [1]), ('jh ei m z', [1]), ('i n', [1]), ('dh @', [0]), ('g l oo - r iy @ s', [1, 0]), ('r e - v @ - l uu - sh n!', [2, 0, 1, 0])]","('ou - v @ - th r ou', [1, 0, 2])"
9090,"[('dh @', [0]), ('n y uu', [1]), ('oo - g @ - n ai z - ei - sh n!', [2, 0, 0, 1, 0]), ('o - p @ - r ei t - i d', [1, 0, 2, 0]), ('ou - p @ n - l iy', [1, 0, 0]), ('a n d', [1]), ('h a d', [1]), ('p @ - l i - t i k - l!', [0, 1, 0, 0]), ('g ou lw z', [1]), ('dh @', [0]), ('v ai @ - l @ n t', [1, 0]), ('ou - v @ - th r ou', [2, 0, 1]), ('o v', [1]), ('r i - p uh - b l i k - @ n', [0, 1, 0, 0]), ('r uu lw', [1]), ('a n d', [1]), ('s @ - p r e - sh n!', [0, 1, 0]), ('o v', [1]), ('b l a k', [1]), ('v ou t - i ng', [1, 0])]","('ou - v @ - th r ou', [1, 0, 2])"
9093,"[('s @@r - b iy @', [1, 0]), ('h a d', [1]), ('b ii n', [1]), ('i n', [1]), ('ei', [1]), ('s t ei t', [1]), ('o v', [1]), ('p @ - l i - t i k - l!', [0, 1, 0, 0]), ('k r ai - s i s', [1, 0]), ('s i n s', [1]), ('dh ii', [0]), ('ou - v @ - th r ou', [2, 0, 1]), ('o v', [1]), ('dh @', [0]), ('p ou s t', [1]), ('k o - m y uw n - i s t', [1, 0, 0]), ('r uu l - @', [1, 0]), ('s l o - b @ - d @ n', [1, 0, 0]), ('m i - l @ - s e - v i k', [2, 0, 1, 0]), ('i n', [1]), ('t uu', [1]), ('th ow - z n! d', [1, 0]), ('w uh n', [1])]","('ou - v @ - th r ou', [1, 0, 2])"
9094,"[('h @@r', [1]), ('i n - @ - b i l - @ - t iy', [2, 0, 1, 0, 0]), ('t uu', [0]), ('p r @ - v ai d', [0, 1]), ('a n', [1]), ('eir', [1]), ('k @ n - t r i - b y uw t - i d', [0, 1, 0, 0]), ('t uu', [0]), ('dh ii', [0]), ('ou - v @ - th r ou', [2, 0, 1]), ('o v', [1]), ('h @@r', [1]), ('h uh z - b @ n d', [1, 0]), ('k i ng', [1]), ('o - t ou', [1, 0])]","('ou - v @ - th r ou', [1, 0, 2])"
9097,"[('aa f - t @', [1, 0]), ('dh ii', [0]), ('ou - v @ - th r ou', [2, 0, 1]), ('o v', [1]), ('dh @', [0]), ('k @ - r e n z - k iy', [0, 1, 0]), ('g uh - v @ - m @ n t', [1, 0, 0]), ('b ai', [1]), ('dh @', [0]), ('b o lw - sh i - v i k s', [1, 0, 0]), ('h ii', [1]), ('b i - k ei m', [0, 1]), ('d i s - i - l uu - zh n! d', [2, 0, 1, 0]), ('w i dh', [1]), ('dh @', [0]), ('r e - v @ - l uu - sh n!', [2, 0, 1, 0])]","('ou - v @ - th r ou', [1, 0, 2])"
9102,"[('m e n - jh i - s t y uu z', [1, 0, 0]), ('ou - v @ - th r ou', [2, 0, 1]), ('i n', [1]), ('m ei', [1]), ('n ai n - t ii n', [0, 1]), ('n ai n - t iy', [1, 0]), ('w uh n', [1]), ('k oo z d', [1]), ('ei', [1]), ('n uh m - b @', [1, 0]), ('o v', [1]), ('sh i f t s', [1])]","('ou - v @ - th r ou', [1, 0, 2])"
9103,"[('f o - l ou - i ng', [1, 0, 0]), ('dh ii', [0]), ('ou - v @ - th r ou', [2, 0, 1]), ('o v', [1]), ('dh @', [0]), ('b ei dh - ai s t', [0, 0]), ('g uh - v @ - m @ n t', [1, 0, 0]), ('o v', [1]), ('ai - r @ k', [1, 0]), ('jh e - b @ - r @', [1, 0, 0]), ('b i - g a n', [0, 1]), ('w @@r k - i ng', [1, 0]), ('w i dh', [1]), ('dh @', [0]), ('k ou @ - l i - sh n!', [0, 1, 0]), ('f oo s - i z', [1, 0])]","('ou - v @ - th r ou', [1, 0, 2])"
9105,"[('dh @', [0]), ('p o - p y uw - l @', [1, 0, 0]), ('y uu - n iy @ n', [1, 0]), ('w o z', [1]), ('i - s t a - b l i sh t', [0, 1, 0]), ('a z', [1]), ('ei', [1]), ('r i - z uh lw t', [0, 1]), ('o v', [1]), ('dh @', [0]), ('v ai @ - l @ n t', [1, 0]), ('ou - v @ - th r ou', [2, 0, 1]), ('o v', [1]), ('p r e - z i - d @ n t', [1, 0, 0]), ('w a n', [1]), ('p e - r @ n', [1, 0]), ('o n', [1]), ('s e p - t e m - b @', [0, 1, 0]), ('n ai n - t ii n th', [0, 1]), ('n ai n - t ii n', [0, 1]), ('f i f - t iy', [1, 0]), ('f ai v', [1])]","('ou - v @ - th r ou', [1, 0, 2])"
9107,"[('b uh t', [1]), ('h ii', [1]), ('s t o p t', [1]), ('sh oo t', [1]), ('o v', [1]), ('k oo l - i ng', [1, 0]), ('f @', [0]), ('dh ii', [0]), ('ou - v @ - th r ou', [2, 0, 1]), ('o v', [1]), ('dh @', [0]), ('g uh - v @ - m @ n t', [1, 0, 0])]","('ou - v @ - th r ou', [1, 0, 2])"
9115,"[('d y ur - r i ng', [1, 0]), ('dh @', [0]), ('b o - sh i n', [1, 0]), ('w oo', [1]), ('h ii', [1]), ('w o z', [1]), ('ei', [1]), ('l ii d - @', [1, 0]), ('i n', [1]), ('dh @', [0]), ('s aa - g @', [1, 0]), ('f oo s - i z', [1, 0]), ('k @ - m i t - i d', [0, 1, 0]), ('t uu', [0]), ('dh ii', [0]), ('ou - v @ - th r ou', [2, 0, 1]), ('o v', [1]), ('dh @', [0]), ('t o - k y uu - g @ - w @', [0, 1, 0, 0]), ('sh o - g y uw n - @ t', [1, 0, 0])]","('ou - v @ - th r ou', [1, 0, 2])"
9119,"[('dh @', [0]), ('th r ii', [1]), ('h uh n - d r @ d', [1, 0]), ('f i f - t iy', [1, 0]), ('s e - k @ n d', [1, 0]), ('e f s', [1]), ('d i - p l oi d', [0, 1]), ('dh @', [0]), ('n e k s t', [1]), ('d ei', [1]), ('dh @', [0]), ('s i k - s t ii n th', [0, 1]), ('o v', [1]), ('jh u - l ai', [0, 1]), ('f i f - t iy', [1, 0]), ('ei t', [1]), ('t uu', [0]), ('s t a n d', [1]), ('b ai', [1]), ('d y ur - r i ng', [1, 0]), ('ei', [1]), ('p r e - z i - d e n - sh l!', [2, 0, 1, 0]), ('ou - v @ - th r ou', [2, 0, 1]), ('i n', [1]), ('l e - b @ - n @ n', [1, 0, 0])]","('ou - v @ - th r ou', [1, 0, 2])"
9124,"[('f ei s t', [1]), ('w i dh', [1]), ('dh @', [0]), ('p @ - t e n - sh l!', [0, 1, 0]), ('ou - v @ - th r ou', [2, 0, 1]), ('o v', [1]), ('dh @', [0]), ('d ei n - i sh', [1, 0]), ('m o - n @ k - iy', [1, 0, 0]), ('k r i s t - iy @ n', [1, 0]), ('e k s', [1]), ('b a k t', [1]), ('d ow n', [1]), ('a n d', [1]), ('d i - s m i s t', [0, 1]), ('h i z', [1]), ('ou n', [1]), ('g uh - v @ - m @ n t', [1, 0, 0])]","('ou - v @ - th r ou', [1, 0, 2])"
9128,"[('d i - s p ai t', [0, 1]), ('dh ii', [0]), ('ou - v @ - th r ou', [2, 0, 1]), ('o v', [1]), ('dh @', [0]), ('m o - n @ k - iy', [1, 0, 0]), ('i n', [1]), ('n ai n - t ii n', [0, 1]), ('s e - v n! - t ii n', [2, 0, 1]), ('dh @', [0]), ('f oo - m @', [1, 0]), ('d ow @ - jh @', [1, 0]), ('e m - p r i s', [1, 0]), ('m @ - r ii @', [0, 1]), ('a t', [1]), ('f @@r s t', [1]), ('r i - f y uu z d', [0, 1]), ('t uu', [0]), ('l ii v', [1]), ('r uh - sh @', [1, 0])]","('ou - v @ - th r ou', [1, 0, 2])"
9130,"[('o n', [1]), ('dh @', [0]), ('th @@r - t ii n th', [0, 1]), ('o v', [1]), ('n ou - v e m - b @', [0, 1, 0]), ('n ai n - t ii n', [0, 1]), ('s e - v n! - t iy', [1, 0, 0]), ('m i - n i - s t @', [1, 0, 0]), ('o v', [1]), ('d i - f e n s', [0, 1]), ('h a - f ei z', [1, 0]), ('a lw', [1]), ('@ - s a d', [0, 1]), ('s ii z d', [1]), ('p ow @', [1]), ('i n', [1]), ('ei', [1]), ('b l uh d - l @ s', [1, 0]), ('m i - l i - t r iy', [1, 0, 0]), ('ou - v @ - th r ou', [2, 0, 1]), ('dh @', [0]), ('k @ - r e k t - i v', [0, 1, 0]), ('m uu v - m @ n t', [1, 0])]","('ou - v @ - th r ou', [1, 0, 2])"
9131,"[('h ii', [1]), ('s @@r v d', [1]), ('a z', [1]), ('p r e - z i - d @ n t', [1, 0, 0]), ('o v', [1]), ('v e - n @ z - w ei - l @', [2, 0, 1, 0]), ('f o - l ou - i ng', [1, 0, 0]), ('dh ii', [0]), ('ou - v @ - th r ou', [2, 0, 1]), ('o v', [1]), ('m aa - k o s', [1, 0]), ('p @ - r e z', [0, 1]), ('jh i - m e - n i z', [0, 1, 0]), ('o n', [1]), ('dh @', [0]), ('t w e n - t iy', [1, 0]), ('th @@r d', [1]), ('o v', [1]), ('jh a - n y uw @ - r iy', [1, 0, 0]), ('n ai n - t ii n', [0, 1]), ('f i f - t iy', [1, 0]), ('ei t', [1])]","('ou - v @ - th r ou', [1, 0, 2])"
9135,"[('dh ii', [0]), ('@ - p ii lw', [0, 1]), ('t uu', [0]), ('ou lw d', [1]), ('f a - sh n! d', [1, 0]), ('v a - l y uu z', [1, 0]), ('k l ou k t', [1]), ('dh @', [0]), ('r a - d i - k @ lw', [1, 0, 0]), ('ou - v @ - th r ou', [2, 0, 1]), ('o v', [1]), ('dh @', [0]), ('r i - p uh - b l i k s', [0, 1, 0]), ('p aa - t i - s i - p @ t - r iy', [2, 0, 1, 0, 0]), ('p @ - l i - t i k - l!', [0, 1, 0, 0]), ('i n - s t i - t y uu - sh n! z', [2, 0, 1, 0]), ('b ai', [1]), ('t o p', [1]), ('d ow n', [1]), ('w uh n', [1]), ('m a n', [1]), ('r uu lw', [1])]","('ou - v @ - th r ou', [1, 0, 2])"
9138,"[('h ow - e - v @', [2, 1, 0]), ('dh ii', [0]), ('a k - ch uw @ lw', [1, 0]), ('ou - v @ - th r ou', [2, 0, 1]), ('w o z', [1]), ('l e d', [1]), ('b ai', [1]), ('ei', [1]), ('b @ - t a - l iy @ n', [0, 1, 0]), ('k @ - m aa n d - @', [0, 1, 0]), ('a b - d u lw', [1, 0]), ('s a - l @ m', [1, 0]), ('a - r i f', [1, 0]), ('i n', [1]), ('dh @', [0]), ('n ai n - t ii n th', [0, 1]), ('i n - f @ n - t r iy', [1, 0, 0]), ('b r i - g ei d', [0, 1])]","('ou - v @ - th r ou', [1, 0, 2])"
9139,"[('s a d - l iy', [1, 0]), ('i t', [1]), ('s ii m z', [1]), ('dh a t', [1]), ('f @', [0]), ('h i m', [1]), ('k ou - n @ n z', [1, 0]), ('ou - v @ - th r ou', [2, 0, 1]), ('o v', [1]), ('d aa k', [1]), ('p r ii s t s', [1]), ('k ei m', [1]), ('t uu', [1]), ('l ei t', [1])]","('ou - v @ - th r ou', [1, 0, 2])"
9142,"[('f o - l ou - i ng', [1, 0, 0]), ('dh ii', [0]), ('ou - v @ - th r ou', [2, 0, 1]), ('o v', [1]), ('dh @', [0]), ('s uh lw - t @ n - ei t', [1, 0, 0]), ('i b n', [1]), ('b @ - t y uu - t @', [0, 1, 0]), ('h a d', [1]), ('n ou', [1]), ('ch oi s', [1]), ('b uh t', [1]), ('t uu', [0]), ('l ii v', [1]), ('i n - d iy @', [1, 0])]","('ou - v @ - th r ou', [1, 0, 2])"
9143,"[('f o - l ou - i ng', [1, 0, 0]), ('dh @', [0]), ('g l oo - r iy @ s', [1, 0]), ('r e - v @ - l uu - sh n!', [2, 0, 1, 0]), ('a n d', [1]), ('dh ii', [0]), ('ou - v @ - th r ou', [2, 0, 1]), ('o v', [1]), ('jh ei m z', [1]), ('ai', [1]), ('dh @', [0]), ('d y uu k', [1]), ('h e lw d', [1]), ('e - d i m - b r @', [1, 0, 0]), ('k aa - s l!', [1, 0]), ('@ - g e n s t', [0, 1]), ('dh @', [0]), ('p r o - t i s t - @ n t', [1, 0, 0]), ('k @ n - v e n - sh n! - i s t s', [0, 1, 0, 0])]","('ou - v @ - th r ou', [1, 0, 2])"
9493,"[('a t', [1]), ('p r e - z n! t', [1, 0]), ('dh @', [0]), ('b r aa n ch - i z', [1, 0]), ('w oo lw', [1]), ('a n d', [1]), ('n e - d @ - r i n', [1, 0, 0]), ('l e k', [1]), ('d i s - ch aa jh', [1, 0]), ('t uu', [0]), ('dh @', [0]), ('n oo th', [1]), ('s ii', [1]), ('th r uu', [1]), ('dh @', [0]), ('f oo - m @', [1, 0]), ('m y uu s', [1]), ('e s - ch uw @ - r iy', [1, 0, 0]), ('n i@', [1]), ('r o - t @ - d a m', [1, 0, 2])]","('d i s - ch aa jh', [0, 1])"
9508,"[('b u - l @ k', [1, 0]), ('k aa t s', [1]), ('h a v', [1]), ('b ii n', [1]), ('t r @ - d i - sh n! - @ l - iy', [0, 1, 0, 0, 0]), ('y uu s t', [1]), ('f @', [0]), ('t r a n - s p oo t', [0, 1]), ('i - s p e - sh l! - iy', [0, 1, 0, 0]), ('i n', [1]), ('r ur - r @ lw', [1, 0]), ('i n - d iy @', [1, 0])]","('t r a n - s p oo t', [1, 0])"
9532,"[('m @ - ch ur', [0, 1]), ('s i - s t @ - n iy', [1, 0, 0]), ('r ii ch', [1]), ('dh @', [0]), ('f ai - n l!', [1, 0]), ('s t ei jh', [1]), ('w eir', [1]), ('k aa - g ou', [1, 0]), ('p r ou - t i n z', [1, 0]), ('aa', [1]), ('s e n t', [1]), ('t uu', [0]), ('t r a n - s p oo t', [1, 0]), ('k a - r iy @ z', [1, 0]), ('a n d', [1]), ('f ai - n l! - iy', [1, 0, 0]), ('dh @', [0]), ('s i - s t @ - n iy', [1, 0, 0]), ('d i s - @ - s e m - b l!', [2, 0, 1, 0])]","('t r a n - s p oo t', [0, 1])"
9543,"[('h ow - e - v @', [2, 1, 0]), ('h i z', [1]), ('t r a n - s p oo t', [0, 1]), ('i n - t uu', [1, 0]), ('s uh b - s p ei s', [1, 0]), ('w o z', [1]), ('i n - k @ m - p l ii t', [2, 0, 1]), ('a n d', [1]), ('ou n - l iy', [1, 0]), ('v e - r iy', [1, 0]), ('s m oo lw', [1]), ('p aa t s', [1]), ('o v', [1]), ('h i z', [1]), ('d aa - t @', [1, 0]), ('g o t', [1]), ('t r a p t', [1]), ('i n', [1]), ('m @ - s ai @', [0, 1])]","('t r a n - s p oo t', [1, 0])"
9554,"[('ii - v n!', [1, 0]), ('ei', [1]), ('f y uu', [1]), ('i g - z i - b i t s', [0, 1, 0]), ('f r o m', [1]), ('dh @', [0]), ('n y ur - r @ m - b @@r g', [1, 0, 2]), ('t r a n - s p oo t', [0, 1]), ('m y uw - z ii @ m', [0, 1]), ('m ei', [1]), ('b ii', [1]), ('s ii n', [1])]","('t r a n - s p oo t', [1, 0])"
9563,"[('t ur r - i s t', [1, 0]), ('d r ai v z', [1]), ('w @@r', [1]), ('i n - t r @ - d y uu s t', [2, 0, 1]), ('i n - t uu', [1, 0]), ('w e s t - @ n', [1, 0]), ('o - s t r ei - l iy @', [0, 1, 0]), ('w ai lw', [1]), ('e - r i k', [1, 0]), ('ch aa lw - t @ n', [1, 0]), ('w o z', [1]), ('dh @', [0]), ('s t ei t', [1]), ('g uh - v @ - m @ n t', [1, 0, 0]), ('m i - n i - s t @', [1, 0, 0]), ('f @', [0]), ('t r a n - s p oo t', [0, 1]), ('i n', [1]), ('dh @', [0]), ('n ai n - t ii n', [0, 1]), ('n ai n - t iy z', [1, 0])]","('t r a n - s p oo t', [1, 0])"
9567,"[('ei - p r i lw', [1, 0]), ('t uu', [1]), ('th ow - z n! d', [1, 0]), ('ei t', [1]), ('l e - t @', [1, 0]), ('f r o m', [1]), ('dh @', [0]), ('p r ii - f e k - ch @', [1, 0, 0]), ('d ii l - i ng', [1, 0]), ('w i dh', [1]), ('m oo - b iy @ n', [1, 0]), ('t r a n - s p oo t', [0, 1]), ('aa - ch ai v d', [0, 1]), ('d i - s e m - b @', [0, 1, 0]), ('f i f th', [1]), ('t uu', [1]), ('th ow - z n! d', [1, 0]), ('ei t', [1]), ('a t', [1]), ('dh @', [0]), ('w ei - b a k', [1, 3]), ('m @ - sh ii n', [0, 1])]","('t r a n - s p oo t', [1, 0])"
9573,"[('dh @', [0]), ('n y uu', [1]), ('z ii - l @ n d', [1, 0]), ('t r a n - s p oo t', [0, 1]), ('ei - jh @ n - s iy', [1, 0, 0]), ('i z', [1]), ('k uh - r @ n t - l iy', [1, 0, 0]), ('l u k - i ng', [1, 0]), ('a t', [1]), ('uh p - g r ei d - i ng', [3, 1, 0]), ('dh i s', [1]), ('i n - t @ - ch ei n jh', [1, 0, 2]), ('w i dh', [1]), ('i n - v e - s t i - g ei - sh n!', [0, 2, 0, 1, 0]), ('k @ m - p l ii t - i d', [0, 1, 0]), ('b ai', [1]), ('t w e n - t iy', [1, 0]), ('t e n', [1]), ('t uu', [0]), ('t w e n - t iy', [1, 0]), ('i - l e - v n!', [0, 1, 0])]","('t r a n - s p oo t', [1, 0])"
9578,"[('w i lw - y @ m', [1, 0]), ('d y uu - m @', [1, 0]), ('ow s t - i d', [1, 0]), ('f r o m', [1]), ('dh @', [0]), ('g uh - v @ - m @ n t', [1, 0, 0]), ('i n', [1]), ('f e - b r uw @ - r iy', [1, 0, 0]), ('w o z', [1]), ('r ii', [1]), ('@ d - m i t - i d', [0, 1, 0]), ('dh i s', [1]), ('t ai m', [1]), ('a z', [1]), ('m i - n i - s t @', [1, 0, 0]), ('f @', [0]), ('t r a n - s p oo t', [0, 1])]","('t r a n - s p oo t', [1, 0])"
10259,"[('b r aa n ch t', [1]), ('a lw - k ei n z', [0, 1]), ('h a v', [1]), ('s uh m - w o t', [1, 3]), ('w ii k - @', [1, 0]), ('m @ - l e - k y uw l - @', [0, 1, 0, 0]), ('ai @ n', [1]), ('p ii k s', [1]), ('i n', [1]), ('dh @', [0]), ('s p e k - t r @', [1, 0]), ('dh ei', [1]), ('t e n d', [1]), ('t uu', [0]), ('f r a g - m e n t', [1, 0]), ('a t', [1]), ('dh @', [0]), ('b r ei ch t', [1]), ('p oi n t', [1])]","('f r a g - m e n t', [0, 1])"
10281,"[('b l i s', [1]), ('k oo z d', [1]), ('k o - p iy - k a t s', [1, 0, 2]), ('m ai n d', [1]), ('t uu', [0]), ('f r a g - m e n t', [1, 0]), ('w i dh - ow t', [3, 1]), ('e - n iy - b o - d iy', [1, 0, 0, 0]), ('n ou - i ng', [1, 0])]","('f r a g - m e n t', [0, 1])"
11398,"[('a n', [1]), ('i n - s uh lw t', [0, 1]), ('dh @', [0]), ('h i@ - r ou', [1, 0]), ('k o m - p @ t - i - sh n!', [2, 0, 1, 0]), ('i z', [1]), ('oo lw - s ou', [1, 0]), ('t ei k - i ng', [1, 0]), ('p l ei s', [1]), ('a n d', [1]), ('dh @', [0]), ('w i n - @', [1, 0]), ('i z', [1]), ('y e t', [1]), ('t uu', [0]), ('b ii', [1]), ('@ - n ow n s t', [0, 1])]","('i n - s uh lw t', [1, 0])"
12088,"[('d y ur - r i ng', [1, 0]), ('dh ii', [0]), ('a k - s i s', [1, 0]), ('s t oo - r iy - l ai n', [1, 0, 2]), ('dh @', [0]), ('r e d', [1]), ('s k uh lw', [1]), ('a n d', [1]), ('s k aa - l @ t', [1, 0]), ('w i ch', [1]), ('a k - s i - d e n t - l! - iy', [2, 0, 1, 0, 0]), ('m o - r @ l - iy', [1, 0, 0]), ('i n - v @@r t', [1, 0]), ('v eir - r iy @ s', [1, 0]), ('h i@ - r ou z', [1, 0]), ('a n d', [1]), ('v i - l @ n z', [1, 0])]","('i n - v @@r t', [0, 1])"
12097,"[('dh @', [0]), ('m oo', [1]), ('p @ - l ai t', [0, 1]), ('i n - v @@r t', [1, 0]), ('@ - p i@ z', [0, 1]), ('a z', [1]), ('w e lw', [1])]","('i n - v @@r t', [0, 1])"
12099,"[('h ai - d r o - l @ - s i s', [0, 1, 0, 0]), ('o v', [1]), ('s uu - k r ou s', [1, 0]), ('g i v z', [1]), ('ei', [1]), ('m i k s - ch @', [1, 0]), ('k oo lw d', [1]), ('i n - v @@r t', [0, 1]), ('sh u - g @', [1, 0]), ('w i ch', [1]), ('i z', [1]), ('s w ii t - @', [1, 0]), ('a n d', [1]), ('i z', [1]), ('oo lw - s ou', [1, 0]), ('ei', [1]), ('k o - m @ n', [1, 0]), ('k @ - m @@r - sh l!', [0, 1, 0]), ('i ng - g r ii - d iy @ n t', [0, 1, 0])]","('i n - v @@r t', [1, 0])"
12100,"[('dh ii', [0]), ('a - p l i - k ei - sh n!', [2, 0, 1, 0]), ('i n - k l uu d z', [0, 1]), ('a n', [1]), ('i n - v @@r t', [0, 1]), ('k uh - l @ z', [1, 0]), ('o p - sh n!', [1, 0]), ('a n d', [1]), ('ei', [1]), ('k r o p', [1]), ('s i - l e k t - i d', [0, 1, 0]), ('eir - r iy @', [1, 0]), ('f uh ng k - sh n!', [1, 0])]","('i n - v @@r t', [1, 0])"
12101,"[('dh @', [0]), ('s t aa ch', [1]), ('k o n - t e n t', [1, 0]), ('o v', [1]), ('dh @', [0]), ('t ai - g @', [1, 0]), ('n uh t', [1]), ('t y uu - b @ z', [1, 0]), ('d ii - k r ii s - i z', [1, 0, 0]), ('a n d', [1]), ('dh @', [0]), ('r i - d y uu s - i ng', [0, 1, 0]), ('sh u - g @', [1, 0]), ('i n - v @@r t', [0, 1]), ('sh u - g @', [1, 0]), ('k o n - t e n t', [1, 0]), ('i n - k r ii s - i z', [1, 0, 0]), ('d y ur - r i ng', [1, 0]), ('s t oo r - i jh', [1, 0])]","('i n - v @@r t', [1, 0])"
12102,"[('dh @', [0]), ('v ai - d ei - ou', [0, 1, 0]), ('i n - v @@r t', [0, 1]), ('p a - r @ - l e lw', [1, 0, 0]), ('a - t r i - b y uu t', [1, 0, 2]), ('i z', [1]), ('oo lw - s ou', [1, 0]), ('y uu z - @ - b l!', [1, 0, 0]), ('i n', [1]), ('dh i s', [1]), ('m ou d', [1])]","('i n - v @@r t', [1, 0])"
12103,"[('ii ch', [1]), ('o v', [1]), ('dh ii z', [1]), ('s uh b - b @ s - i z', [1, 0, 0]), ('k a n', [1]), ('dh e n', [1]), ('b ii', [1]), ('k ou d - i d', [1, 0]), ('i n - d i - p e n d - @ n t - l iy', [2, 0, 1, 0, 0]), ('w i dh', [1]), ('i t s', [1]), ('ou n', [1]), ('i n - v @@r t', [0, 1]), ('s i g - n l!', [1, 0])]","('i n - v @@r t', [1, 0])"
12107,"[('s uu n', [1]), ('aa f - t @', [1, 0]), ('i d', [1]), ('s o f - w eir', [1, 3]), ('r i - l ii s t', [0, 1]), ('k w ei k', [1]), ('w i ch', [1]), ('i n - t r @ - d y uu s t', [2, 0, 1]), ('dh ii', [0]), ('i n - v @@r t', [1, 0]), ('f ii - ch @', [1, 0]), ('a z', [1]), ('y uu z - @ z', [1, 0]), ('n ow', [1]), ('n ou', [1]), ('i t', [1])]","('i n - v @@r t', [0, 1])"
12111,"[('b i - k o z', [0, 1]), ('f r uh k - t ou s', [1, 0]), ('i z', [1]), ('s w ii t - @', [1, 0]), ('dh a n', [1]), ('ai - dh @', [1, 0]), ('g l uu - k ou s', [1, 0]), ('oo', [1]), ('s uu - k r ou s', [1, 0]), ('i n - v @@r t', [0, 1]), ('sh u - g @', [1, 0]), ('i z', [1]), ('s w ii t - @', [1, 0]), ('dh a n', [1]), ('w ai t', [1]), ('sh u - g @', [1, 0])]","('i n - v @@r t', [1, 0])"
12122,"[('i n', [1]), ('s @@r - t @ n', [1, 0]), ('m @ - t i@ - r iy @ lw z', [0, 1, 0]), ('dh @', [0]), ('t o - p @ - l o - jh i - k l!', [2, 0, 1, 0, 0]), ('i n - v eir - r iy @ n t', [0, 1, 0]), ('k a n', [1]), ('b ii', [1]), ('ch ei n jh d', [1]), ('w e n', [1]), ('s @@r - t @ n', [1, 0]), ('b uh lw k', [1]), ('e - n @ - jh iy', [1, 0, 0]), ('b a n d z', [1]), ('i n - v @@r t', [1, 0]), ('d y uu', [1]), ('t uu', [0]), ('s t r o ng', [1]), ('s p i n', [1]), ('oo - b i t - l!', [1, 0, 0]), ('k uh - p l! - i ng', [1, 0, 0])]","('i n - v @@r t', [0, 1])"
12130,"[('jh a m', [1]), ('w e n', [1]), ('m ei d', [1]), ('p r @ - d y uu s - i z', [0, 1, 0]), ('i n - v @@r t', [0, 1]), ('sh u - g @', [1, 0]), ('d y ur - r i ng', [1, 0]), ('i k - s t e n s - i v', [0, 1, 0]), ('h ii t - i ng', [1, 0]), ('uh n - d @', [1, 0]), ('dh ii', [0]), ('a k - sh n!', [1, 0]), ('o v', [1]), ('dh ii', [0]), ('a - s i d', [1, 0]), ('i n', [1]), ('dh @', [0]), ('f r uu t', [1])]","('i n - v @@r t', [1, 0])"
12131,"[('k @ - m @@r - sh l! - iy', [0, 1, 0, 0]), ('i n - v @@r t', [0, 1]), ('sh u - g @', [1, 0]), ('i z', [1]), ('p r i - p eir d', [0, 1]), ('a z', [1]), ('ei', [1]), ('s i - r @ p', [1, 0]), ('o v', [1]), ('@ - b ow t', [0, 1]), ('s e - v n! - t iy', [1, 0, 0]), ('p @ - s e n t', [0, 1]), ('s o - l y uu - b l!', [1, 0, 0]), ('s o - l i d z', [1, 0]), ('k o n - s n! - t r ei - sh n!', [2, 0, 1, 0])]","('i n - v @@r t', [1, 0])"
12149,"[('dh eir', [1]), ('aa', [1]), ('m oo', [1]), ('k o m - p l e k s', [1, 0]), ('k ai n d z', [1]), ('o v', [1]), ('i n - v @@r t - @', [0, 1, 0]), ('s @@r - k i t', [1, 0]), ('dh a t', [1]), ('m oo', [1]), ('a - k y uw - r @ t - l iy', [1, 0, 0, 0]), ('i n - v @@r t', [1, 0]), ('i m - p e - d n! s - i z', [0, 1, 0, 0])]","('i n - v @@r t', [0, 1])"
12160,"[('sh ii', [1]), ('f ow n d', [1]), ('dh a t', [1]), ('a k t - @ z', [1, 0]), ('t i p - i - k l iy', [1, 0, 0]), ('a d', [1]), ('d r o p', [1]), ('oo', [1]), ('i n - v @@r t', [1, 0]), ('s i ng - g l!', [1, 0]), ('w @@r d z', [1])]","('i n - v @@r t', [0, 1])"
12161,"[('p y ur r - @', [1, 0]), ('m @ - l a - s i z', [0, 1, 0]), ('s i - r @ p s', [1, 0]), ('aa', [1]), ('s ou lw d', [1]), ('a z', [1]), ('m @ - l a - s i z', [0, 1, 0]), ('a n d', [1]), ('m ei', [1]), ('oo lw - s ou', [1, 0]), ('b ii', [1]), ('b l e n d - i d', [1, 0]), ('w i dh', [1]), ('m ei - p l!', [1, 0]), ('s i - r @ p', [1, 0]), ('i n - v @@r t', [0, 1]), ('sh u - g @ z', [1, 0]), ('oo', [1]), ('k oo n', [1]), ('s i - r @ p', [1, 0])]","('i n - v @@r t', [1, 0])"
12162,"[('dh @', [0]), ('p r uu f', [1]), ('r uh f - l iy', [1, 0]), ('g ou z', [1]), ('a z', [1]), ('b i - l ou', [0, 1]), ('i n - v @@r t', [1, 0]), ('w i dh', [1]), ('r i - s p e k t', [0, 1]), ('t uu', [0]), ('dh ii', [0]), ('i n - s @@r - k l!', [0, 1, 0]), ('o v', [1]), ('t r ai - a ng - g l!', [1, 0, 0]), ('a b k', [1])]","('i n - v @@r t', [0, 1])"
13422,"[('sh ii', [1]), ('i z', [1]), ('oo lw - s ou', [1, 0]), ('ei', [1]), ('h ou s t', [1]), ('f @', [0]), ('dh @', [0]), ('w ii k - l iy', [1, 0]), ('p r ou - g r a m', [1, 0]), ('i n - s ai d', [1, 0]), ('s i - r iy @', [1, 0]), ('dh a t', [1]), ('a - n @ l - ai z - i z', [1, 0, 0, 0]), ('r ii - s n! t', [1, 0]), ('d i - v e - l @ p - m @ n t s', [0, 1, 0, 0]), ('i n', [1]), ('dh @', [0]), ('w oo', [1]), ('t oo n', [1]), ('k uh n - t r iy', [1, 0])]","('a - n @ l - ai z - i z', [1, 0, 2, 0])"
13442,"[('a n', [1]), ('aa t', [1]), ('k r i - t i k', [1, 0]), ('oo lw - w ei z', [1, 0]), ('a - n @ l - ai z - i z', [1, 0, 0, 0]), ('ei', [1]), ('s i - ch uw - ei - sh n!', [2, 0, 1, 0]), ('f r o m', [1]), ('ei', [1]), ('p r @ - f ow n d - l iy', [0, 1, 0]), ('l i - m i t - i d', [1, 0, 0]), ('p oi n t', [1]), ('o v', [1]), ('v y uu', [1]), ('b i - k o z', [0, 1]), ('h i z', [1]), ('n o - l i jh', [1, 0]), ('i z', [1]), ('oo lw - s ou', [1, 0]), ('l i - m i t - i d', [1, 0, 0])]","('a - n @ l - ai z - i z', [1, 0, 2, 0])"
14501,"[('o n', [1]), ('dh ii', [0]), ('i - l e - v n! th', [0, 1, 0]), ('o v', [1]), ('d i - s e m - b @', [0, 1, 0]), ('i n', [1]), ('a n', [1]), ('uh n - p r e - s i - d e n t - i d', [0, 1, 0, 2, 0]), ('d i - s i - zh n!', [0, 1, 0]), ('dh @', [0]), ('k o n - s t i - t y uu - sh n! - @ lw', [2, 0, 1, 0, 0]), ('k oo t', [1]), ('d i - s ai d - i d', [0, 1, 0]), ('t uu', [0]), ('r ii - k ow n t', [3, 1]), ('oo lw', [1]), ('w uh n', [1]), ('h uh n - d r @ d', [1, 0]), ('th @@r - t iy', [1, 0]), ('ei t', [1]), ('th ow - z n! d', [1, 0]), ('f oo', [1]), ('h uh n - d r @ d', [1, 0]), ('a n d', [1]), ('s e - v n! - t iy', [1, 0, 0]), ('s i k s', [1]), ('i n - v a - l i d', [0, 1, 0]), ('v ou t s', [1])]","('r ii - k ow n t', [1, 0])"
14505,"[('w o ng - g aa d', [1, 3]), ('h a d', [1]), ('uh n - t i lw', [0, 1]), ('f ai v', [1]), ('p e m', [1]), ('o n', [1]), ('jh uu n', [1]), ('f i f - t ii n th', [0, 1]), ('t uu', [0]), ('r i - k w e s t', [0, 1]), ('ei', [1]), ('r ii - k ow n t', [3, 1])]","('r ii - k ow n t', [1, 0])"
14507,"[('b e - n i t', [1, 0]), ('w o z', [1]), ('s uh b - s i - k w @ n t - l iy', [1, 0, 0, 0]), ('d i - k l eir d', [0, 1]), ('dh @', [0]), ('w i n - @', [1, 0]), ('aa f - t @', [1, 0]), ('ei', [1]), ('jh uw - d i - sh l!', [0, 1, 0]), ('r ii - k ow n t', [3, 1])]","('r ii - k ow n t', [1, 0])"
14513,"[('r i - ch @ d', [1, 0]), ('k @ - l a p s - i z', [0, 1, 0]), ('a n d', [1]), ('m aa', [1]), ('w u d - k oo t', [1, 3]), ('d ai @ g - n ou z - i z', [0, 1, 0]), ('h i m', [1]), ('a z', [1]), ('b ii - i ng', [1, 0]), ('i n', [1]), ('dh @', [0]), ('l aa s t', [1]), ('s t ei jh - i z', [1, 0]), ('o v', [1]), ('t y uw - b @@r - k y uw - l ou - s i s', [0, 2, 0, 1, 0])]","('d ai @ g - n ou z - i z', [1, 0, 0])"
14515,"[('v i - l ii - n @', [0, 1, 0]), ('d ai @ g - n ou z - i z', [0, 1, 0]), ('i t', [1]), ('a z', [1]), ('dh @', [0]), ('s ai n', [1]), ('o v', [1]), ('ei', [1]), ('r i - f ai n d', [0, 1]), ('h @@r - m i t', [1, 0]), ('t r ai - i ng', [1, 0]), ('t uu', [0]), ('h ai d', [1]), ('h i z', [1]), ('h ai p - @', [1, 0]), ('s e n - s @ - t i v - @ - t iy', [2, 0, 1, 0, 0]), ('a n d', [1]), ('r i - p r e s t', [0, 1]), ('d i - z ai @', [0, 1]), ('f @', [0]), ('l uh v', [1])]","('d ai @ g - n ou z - i z', [1, 0, 0])"
14563,"[('ou - v @ - s t o k t', [2, 0, 1]), ('s t a n d z', [1]), ('o v', [1]), ('t r ii z', [1]), ('i n - k r ii s', [1, 0]), ('dh @', [0]), ('r i s k', [1]), ('o v', [1]), ('k a - t @ - s t r o - f i k', [2, 0, 1, 0]), ('w ai lw d - f ai @ z', [1, 3]), ('a n d', [1]), ('d a - m i jh', [1, 0]), ('d y uu', [1]), ('t uu', [0]), ('i n - s e k t s', [1, 0]), ('d i - z ii z', [0, 1]), ('a n d', [1]), ('d r ow t', [1])]","('i n - k r ii s', [0, 1])"
14611,"[('dh ii z', [1]), ('ei t', [1]), ('s t y uu - d n! t s', [1, 0]), ('th r uu', [1]), ('dh ii', [0]), ('i - n i - sh @ - t i v', [0, 1, 0, 0]), ('o v', [1]), ('n e b', [1]), ('h a v', [1]), ('b ii n', [1]), ('s i - l e k t - i d', [0, 1, 0]), ('t uu', [0]), ('d o - k y uw - m e n t', [2, 0, 1]), ('dh i s', [1]), ('p i - v @ t - l!', [1, 0, 0]), ('y i@', [1]), ('o v', [1]), ('dh eir', [1]), ('l ai v z', [1])]","('d o - k y uw - m e n t', [1, 0, 0])"
14953,"[('dh eir', [1]), ('h a v', [1]), ('b ii n', [1]), ('d i - s k uh - sh n! z', [0, 1, 0]), ('@ - r ow n d', [0, 1]), ('dh eir', [1]), ('i n - v ai t', [0, 1]), ('ou n - l iy', [1, 0]), ('m e m - b @ - sh i p', [1, 0, 2]), ('s i - s t @ m', [1, 0]), ('w i ch', [1]), ('h a z', [1]), ('k oo z d', [1]), ('s uh m', [1]), ('k @ n - t r o - v @ - s iy', [0, 1, 0, 0])]","('i n - v ai t', [1, 0])"
14955,"[('dh @', [0]), ('d ii lw', [1]), ('i n - k l uu d - i d', [0, 1, 0]), ('a n', [1]), ('i n - v ai t', [0, 1]), ('t uu', [0]), ('m ei - jh @', [1, 0]), ('l ii g', [1]), ('s p r i ng', [1]), ('t r ei n - i ng', [1, 0])]","('i n - v ai t', [1, 0])"
15059,"[('dh @', [0]), ('s k ei l - i ng', [1, 0]), ('f uh ng k - sh n!', [1, 0]), ('f i lw - t @ z', [1, 0]), ('dh @', [0]), ('l ou - i s t', [1, 0]), ('l e - v l!', [1, 0]), ('o v', [1]), ('dh @', [0]), ('t r a n s - f oo m', [0, 1]), ('a n d', [1]), ('i n - sh ur z', [0, 1]), ('oo lw', [1]), ('dh @', [0]), ('s p e k - t r @ m', [1, 0]), ('i z', [1]), ('k uh - v @ d', [1, 0])]","('t r a n s - f oo m', [1, 0])"
15396,"[('a n d', [1]), ('dh e n', [1]), ('k ei m', [1]), ('a z', [1]), ('i f', [1]), ('t uu', [0]), ('m ai', [1]), ('f ai - n l!', [1, 0]), ('a n d', [1]), ('i - r e - v @ k - @ - b l!', [0, 1, 0, 0, 0]), ('ou - v @ - th r ou', [2, 0, 1]), ('dh @', [0]), ('s p i - r i t', [1, 0]), ('o v', [1]), ('p @ - v @@r s - n @ s', [0, 1, 0])]","('ou - v @ - th r ou', [1, 0, 2])"
15398,"[('dh @', [0]), ('d i - f ii t', [0, 1]), ('o v', [1]), ('dh @', [0]), ('s e n - t r @ lw', [1, 0]), ('p ow @ z', [1]), ('l e d', [1]), ('t uu', [0]), ('dh ii', [0]), ('ou - v @ - th r ou', [2, 0, 1]), ('o v', [1]), ('b ou th', [1]), ('m o - n @ k - iy z', [1, 0, 0])]","('ou - v @ - th r ou', [1, 0, 2])"
15399,"[('aa f - t @', [1, 0]), ('k a - s t r ou z', [1, 0]), ('ou - v @ - th r ou', [2, 0, 1]), ('o v', [1]), ('dh @', [0]), ('b @ - t i - s t @', [0, 1, 0]), ('g uh - v @ - m @ n t', [1, 0, 0]), ('h ii', [1]), ('r i - t @@r n d', [0, 1]), ('t uu', [0]), ('k y uu - b @', [1, 0]), ('i n', [1]), ('n ai n - t ii n', [0, 1]), ('s i k - s t iy', [1, 0])]","('ou - v @ - th r ou', [1, 0, 2])"
15401,"[('i n', [1]), ('s e - v n! - t ii n', [2, 0, 1]), ('ei - t iy', [1, 0]), ('th r ii', [1]), ('f o k s', [1]), ('p r @ - d y uu s t', [0, 1]), ('h i z', [1]), ('i n - d iy @', [1, 0]), ('b i lw', [1]), ('w i ch', [1]), ('l e d', [1]), ('t uu', [0]), ('dh ii', [0]), ('ou - v @ - th r ou', [2, 0, 1]), ('o v', [1]), ('dh @', [0]), ('k ou @ - l i - sh n!', [0, 1, 0]), ('g uh - v @ - m @ n t', [1, 0, 0])]","('ou - v @ - th r ou', [1, 0, 2])"
15402,"[('f o - l ou - i ng', [1, 0, 0]), ('dh ii', [0]), ('ou - v @ - th r ou', [2, 0, 1]), ('o v', [1]), ('dh @', [0]), ('g uh - v @ - m @ n t', [1, 0, 0]), ('i n', [1]), ('f e - b r uw @ - r iy', [1, 0, 0]), ('t uu', [1]), ('th ow - z n! d', [1, 0]), ('f oo', [1]), ('a n', [1]), ('i n - t @ - r i m', [1, 0, 0]), ('g uh - v @ - m @ n t', [1, 0, 0]), ('w o z', [1]), ('i - s t a - b l i sh t', [0, 1, 0])]","('ou - v @ - th r ou', [1, 0, 2])"
15405,"[('y uw - n ai t - i d', [0, 1, 0]), ('s t ei t s', [1]), ('m i - n i - s t @', [1, 0, 0]), ('t uu', [0]), ('h @ - w ai - iy', [0, 1, 0]), ('jh o n', [1]), ('e lw', [1]), ('s t ii - v n! z', [1, 0]), ('w o z', [1]), ('f oo s t', [1]), ('t uu', [0]), ('r i - t ai @', [0, 1]), ('aa f - t @', [1, 0]), ('s @ - p oo t - i ng', [0, 1, 0]), ('dh ii', [0]), ('ou - v @ - th r ou', [2, 0, 1]), ('o v', [1]), ('dh @', [0]), ('m o - n @ k - iy', [1, 0, 0])]","('ou - v @ - th r ou', [1, 0, 2])"
15452,"[('i t', [1]), ('i z', [1]), ('oo lw - s ou', [1, 0]), ('p o - s i - b l!', [1, 0, 0]), ('t uu', [0]), ('b u k', [1]), ('p a k - i jh', [1, 0]), ('d ii lw z', [1]), ('w i ch', [1]), ('i n - k l uu d', [0, 1]), ('t r a n - s p oo t', [0, 1]), ('h ou - t e lw', [0, 1]), ('@ - k o - m @ - d ei - sh n!', [0, 2, 0, 1, 0]), ('m ii lw z', [1]), ('a n d', [1]), ('t i - k i t s', [1, 0]), ('t uu', [0]), ('k o n - s @ t s', [1, 0])]","('t r a n - s p oo t', [1, 0])"
15739,"[('i n - v @@r t', [0, 1]), ('sh u - g @', [1, 0]), ('i z', [1]), ('p r @ - d y uu s t', [0, 1]), ('w e n', [1]), ('s uu - k r ou s', [1, 0]), ('b r ei k s', [1]), ('d ow n', [1]), ('d y uu', [1]), ('t uu', [0]), ('dh ii', [0]), ('@ d - i - sh n!', [0, 1, 0]), ('o v', [1]), ('w oo - t @', [1, 0]), ('oo lw - s ou', [1, 0]), ('n ou n', [1]), ('a z', [1]), ('h ai - d r o - l @ - s i s', [0, 1, 0, 0])]","('i n - v @@r t', [1, 0])"
15743,"[('h ii', [1]), ('s ii z', [1]), ('ch aa - l @ s', [1, 0]), ('i k s - ch ei n jh - i ng', [0, 1, 0]), ('n ou - i ng', [1, 0]), ('l u k s', [1]), ('w i dh', [1]), ('dh @', [0]), ('d i - p l @ - m a t', [1, 0, 0]), ('v oo - g @ - b @@r t', [1, 0, 0]), ('ei', [1]), ('f e - l ou', [1, 0]), ('i n - v @@r t', [0, 1])]","('i n - v @@r t', [1, 0])"
